timestamp,value
2025-04-23 00:00:00,8.12
2025-04-23 01:00:00,8.1
2025-04-23 02:00:00,8.08
2025-04-23 03:00:00,8.05
2025-04-23 04:00:00,7.99
2025-04-23 05:00:00,8.0
2025-04-23 06:00:00,7.95
2025-04-23 07:00:00,7.94
2025-04-23 08:00:00,7.9
2025-04-23 09:00:00,7.96
2025-04-23 10:00:00,7.91
2025-04-23 11:00:00,7.99
2025-04-23 12:00:00,8.0
2025-04-23 13:00:00,8.01
2025-04-23 14:00:00,8.07
2025-04-23 15:00:00,8.09
2025-04-23 16:00:00,8.05
2025-04-23 17:00:00,8.13
2025-04-23 18:00:00,8.19
2025-04-23 19:00:00,8.24
2025-04-23 20:00:00,8.26
2025-04-23 21:00:00,8.28
2025-04-23 22:00:00,8.3
2025-04-23 23:00:00,8.3
2025-04-24 00:00:00,8.29
2025-04-24 01:00:00,8.23
2025-04-24 02:00:00,8.27
2025-04-24 03:00:00,8.25
2025-04-24 04:00:00,8.23
2025-04-24 05:00:00,8.2
2025-04-24 06:00:00,8.21
2025-04-24 07:00:00,8.16
2025-04-24 08:00:00,8.18
2025-04-24 09:00:00,8.18
2025-04-24 10:00:00,8.22
2025-04-24 11:00:00,8.22
2025-04-24 12:00:00,8.26
2025-04-24 13:00:00,8.3
2025-04-24 14:00:00,8.3
2025-04-24 15:00:00,8.34
2025-04-24 16:00:00,8.37
2025-04-24 17:00:00,8.36
2025-04-24 18:00:00,8.35
2025-04-24 19:00:00,8.36
2025-04-24 20:00:00,8.39
2025-04-24 21:00:00,8.41
2025-04-24 22:00:00,8.38
2025-04-24 23:00:00,8.37
2025-04-25 00:00:00,8.41
2025-04-25 01:00:00,8.45
2025-04-25 02:00:00,8.44
2025-04-25 03:00:00,8.44
2025-04-25 04:00:00,8.44
2025-04-25 05:00:00,8.42
2025-04-25 06:00:00,8.4
2025-04-25 07:00:00,8.37
2025-04-25 08:00:00,8.4
2025-04-25 09:00:00,8.42
2025-04-25 10:00:00,8.41
2025-04-25 11:00:00,8.42
2025-04-25 12:00:00,8.43
2025-04-25 13:00:00,8.44
2025-04-25 14:00:00,8.44
2025-04-25 15:00:00,8.44
2025-04-25 16:00:00,8.41
2025-04-25 17:00:00,8.37
2025-04-25 18:00:00,8.35
2025-04-25 19:00:00,8.31
2025-04-25 20:00:00,8.3
2025-04-25 21:00:00,8.27
2025-04-25 22:00:00,8.27
2025-04-25 23:00:00,8.34
2025-04-26 00:00:00,8.32
2025-04-26 01:00:00,8.37
2025-04-26 02:00:00,8.4
2025-04-26 03:00:00,8.44
2025-04-26 04:00:00,8.5
2025-04-26 05:00:00,8.52
2025-04-26 06:00:00,8.52
2025-04-26 07:00:00,8.56
2025-04-26 08:00:00,8.59
2025-04-26 09:00:00,8.6
2025-04-26 10:00:00,8.63
2025-04-26 11:00:00,8.65
2025-04-26 12:00:00,8.67
2025-04-26 13:00:00,8.67
2025-04-26 14:00:00,8.63
2025-04-26 15:00:00,8.65
2025-04-26 16:00:00,8.6
2025-04-26 17:00:00,8.56
2025-04-26 18:00:00,8.52
2025-04-26 19:00:00,8.48
2025-04-26 20:00:00,8.41
2025-04-26 21:00:00,8.36
2025-04-26 22:00:00,8.38
2025-04-26 23:00:00,8.36
2025-04-27 00:00:00,8.36
2025-04-27 01:00:00,8.39
2025-04-27 02:00:00,8.41
2025-04-27 03:00:00,8.44
2025-04-27 04:00:00,8.49
2025-04-27 05:00:00,8.54
2025-04-27 06:00:00,8.6
2025-04-27 07:00:00,8.61
2025-04-27 08:00:00,8.64
2025-04-27 09:00:00,8.69
2025-04-27 10:00:00,8.73
2025-04-27 11:00:00,8.75
2025-04-27 12:00:00,8.75
2025-04-27 13:00:00,8.8
2025-04-27 14:00:00,8.81
2025-04-27 15:00:00,8.83
2025-04-27 16:00:00,8.67
2025-04-27 17:00:00,8.69
2025-04-27 18:00:00,8.61
2025-04-27 19:00:00,8.58
2025-04-27 20:00:00,8.5
2025-04-27 21:00:00,8.43
2025-04-27 22:00:00,8.42
2025-04-27 23:00:00,8.38
2025-04-28 00:00:00,8.37
2025-04-28 01:00:00,8.35
2025-04-28 02:00:00,8.4
2025-04-28 03:00:00,8.44
2025-04-28 04:00:00,8.41
2025-04-28 05:00:00,8.51
2025-04-28 06:00:00,8.56
2025-04-28 07:00:00,8.6
2025-04-28 08:00:00,8.7
2025-04-28 09:00:00,8.78
2025-04-28 10:00:00,8.8
2025-04-28 11:00:00,8.94
2025-04-28 12:00:00,8.9
2025-04-28 13:00:00,8.92
2025-04-28 14:00:00,9.0
2025-04-28 15:00:00,8.97
2025-04-28 16:00:00,8.95
2025-04-28 17:00:00,8.88
2025-04-28 18:00:00,8.85
2025-04-28 19:00:00,8.75
2025-04-28 20:00:00,8.66
2025-04-28 21:00:00,8.58
2025-04-28 22:00:00,8.5
2025-04-28 23:00:00,8.46
2025-04-29 00:00:00,8.42
2025-04-29 01:00:00,8.41
2025-04-29 02:00:00,8.4
2025-04-29 03:00:00,8.39
2025-04-29 04:00:00,8.4
2025-04-29 05:00:00,8.43
2025-04-29 06:00:00,8.52
2025-04-29 07:00:00,8.59
2025-04-29 08:00:00,8.64
2025-04-29 09:00:00,8.72
2025-04-29 10:00:00,8.8
2025-04-29 11:00:00,8.87
2025-04-29 12:00:00,8.96
2025-04-29 13:00:00,8.97
2025-04-29 14:00:00,9.0
2025-04-29 15:00:00,9.04
2025-04-29 16:00:00,9.04
2025-04-29 17:00:00,9.0
2025-04-29 18:00:00,8.93
2025-04-29 19:00:00,8.83
2025-04-29 20:00:00,8.75
2025-04-29 21:00:00,8.72
2025-04-29 22:00:00,8.59
2025-04-29 23:00:00,8.6
2025-04-30 00:00:00,8.49
2025-04-30 01:00:00,8.45
2025-04-30 02:00:00,8.41
2025-04-30 03:00:00,8.38
2025-04-30 04:00:00,8.38
2025-04-30 05:00:00,8.38
2025-04-30 06:00:00,8.48
2025-04-30 07:00:00,8.56
2025-04-30 08:00:00,8.58
2025-04-30 09:00:00,8.7
2025-04-30 10:00:00,8.74
2025-04-30 11:00:00,8.86
2025-04-30 12:00:00,8.92
2025-04-30 13:00:00,8.98
2025-04-30 14:00:00,9.07
2025-04-30 15:00:00,9.07
2025-04-30 16:00:00,9.1
2025-04-30 17:00:00,9.06
2025-04-30 18:00:00,9.08
2025-04-30 19:00:00,9.03
2025-04-30 20:00:00,8.97
2025-04-30 21:00:00,8.88
2025-04-30 22:00:00,8.82
2025-04-30 23:00:00,8.76
2025-05-01 00:00:00,8.65
2025-05-01 01:00:00,8.58
2025-05-01 02:00:00,8.31
2025-05-01 03:00:00,8.56
2025-05-01 04:00:00,8.53
2025-05-01 05:00:00,8.51
2025-05-01 06:00:00,8.51
2025-05-01 07:00:00,8.56
2025-05-01 08:00:00,8.58
2025-05-01 09:00:00,8.73
2025-05-01 10:00:00,8.69
2025-05-01 11:00:00,8.8
2025-05-01 12:00:00,8.87
2025-05-01 13:00:00,8.9
2025-05-01 14:00:00,9.04
2025-05-01 15:00:00,9.05
2025-05-01 16:00:00,9.05
2025-05-01 17:00:00,9.08
2025-05-01 18:00:00,9.03
2025-05-01 19:00:00,8.99
2025-05-01 20:00:00,8.99
2025-05-01 21:00:00,8.87
2025-05-01 22:00:00,8.82
2025-05-01 23:00:00,8.74
2025-05-02 00:00:00,8.7
2025-05-02 01:00:00,8.58
2025-05-02 02:00:00,8.55
2025-05-02 03:00:00,8.52
2025-05-02 04:00:00,8.46
2025-05-02 05:00:00,8.47
2025-05-02 06:00:00,8.44
2025-05-02 07:00:00,8.52
2025-05-02 08:00:00,8.55
2025-05-02 09:00:00,8.58
2025-05-02 10:00:00,8.68
2025-05-02 11:00:00,8.73
2025-05-02 12:00:00,8.8
2025-05-02 13:00:00,8.91
2025-05-02 14:00:00,8.99
2025-05-02 15:00:00,9.04
2025-05-02 16:00:00,9.05
2025-05-02 17:00:00,9.07
2025-05-02 18:00:00,9.05
2025-05-02 19:00:00,9.06
2025-05-02 20:00:00,9.02
2025-05-02 21:00:00,9.01
2025-05-02 22:00:00,8.94
2025-05-02 23:00:00,8.87
2025-05-03 00:00:00,8.74
2025-05-03 01:00:00,8.71
2025-05-03 02:00:00,8.66
2025-05-03 03:00:00,8.6
2025-05-03 04:00:00,8.57
2025-05-03 05:00:00,8.6
2025-05-03 06:00:00,8.65
2025-05-03 07:00:00,8.67
2025-05-03 08:00:00,8.67
2025-05-03 09:00:00,8.69
2025-05-03 10:00:00,8.71
2025-05-03 11:00:00,8.76
2025-05-03 12:00:00,8.84
2025-05-03 13:00:00,8.87
2025-05-03 14:00:00,8.87
2025-05-03 15:00:00,8.94
2025-05-03 16:00:00,9.07
2025-05-03 17:00:00,9.05
2025-05-03 18:00:00,9.03
2025-05-03 19:00:00,9.07
2025-05-03 20:00:00,9.05
2025-05-03 21:00:00,9.02
2025-05-03 22:00:00,8.96
2025-05-03 23:00:00,8.89
2025-05-04 00:00:00,8.84
2025-05-04 01:00:00,8.82
2025-05-04 02:00:00,8.75
2025-05-04 03:00:00,8.73
2025-05-04 04:00:00,8.67
2025-05-04 05:00:00,8.64
2025-05-04 06:00:00,8.59
2025-05-04 07:00:00,8.59
2025-05-04 08:00:00,8.57
2025-05-04 09:00:00,8.6
2025-05-04 10:00:00,8.56
2025-05-04 11:00:00,8.65
2025-05-04 12:00:00,8.71
2025-05-04 13:00:00,8.76
2025-05-04 14:00:00,8.77
2025-05-04 15:00:00,8.81
2025-05-04 16:00:00,8.89
2025-05-04 17:00:00,8.87
2025-05-04 18:00:00,8.87
2025-05-04 19:00:00,8.88
2025-05-04 20:00:00,8.85
2025-05-04 21:00:00,8.82
2025-05-04 22:00:00,8.84
2025-05-04 23:00:00,8.77
2025-05-05 00:00:00,8.66
2025-05-05 01:00:00,8.69
2025-05-05 02:00:00,8.64
2025-05-05 03:00:00,8.59
2025-05-05 04:00:00,8.59
2025-05-05 05:00:00,8.56
2025-05-05 06:00:00,8.55
2025-05-05 07:00:00,8.62
2025-05-05 08:00:00,8.59
2025-05-05 09:00:00,8.63
2025-05-05 10:00:00,8.64
2025-05-05 11:00:00,8.63
2025-05-05 12:00:00,8.68
2025-05-05 13:00:00,8.73
2025-05-05 14:00:00,8.77
2025-05-05 15:00:00,8.79
2025-05-05 16:00:00,8.82
2025-05-05 17:00:00,8.87
2025-05-05 18:00:00,8.84
2025-05-05 19:00:00,8.84
2025-05-05 20:00:00,8.8
2025-05-05 21:00:00,8.76
2025-05-05 22:00:00,8.81
2025-05-05 23:00:00,8.75
2025-05-06 00:00:00,8.73
2025-05-06 01:00:00,8.7
2025-05-06 02:00:00,8.76
2025-05-06 03:00:00,8.68
2025-05-06 04:00:00,8.63
2025-05-06 05:00:00,8.63
2025-05-06 06:00:00,8.59
2025-05-06 07:00:00,8.57
2025-05-06 08:00:00,8.53
2025-05-06 09:00:00,8.58
2025-05-06 10:00:00,8.58
2025-05-06 11:00:00,8.6
2025-05-06 12:00:00,8.58
2025-05-06 13:00:00,8.6
2025-05-06 14:00:00,8.63
2025-05-06 15:00:00,8.62
2025-05-06 16:00:00,8.59
2025-05-06 17:00:00,8.58
2025-05-06 18:00:00,8.63
2025-05-06 19:00:00,8.59
2025-05-06 20:00:00,8.53
2025-05-06 21:00:00,8.59
2025-05-06 22:00:00,8.6
2025-05-06 23:00:00,8.61
2025-05-07 00:00:00,8.59
2025-05-07 01:00:00,8.61
2025-05-07 02:00:00,8.53
2025-05-07 03:00:00,8.51
2025-05-07 04:00:00,8.51
2025-05-07 05:00:00,8.49
2025-05-07 06:00:00,8.51
2025-05-07 07:00:00,8.5
2025-05-07 08:00:00,8.46
2025-05-07 09:00:00,8.61
2025-05-07 10:00:00,8.68
2025-05-07 11:00:00,8.67
2025-05-07 12:00:00,8.84
2025-05-07 13:00:00,8.84
2025-05-07 14:00:00,8.94
2025-05-07 15:00:00,8.94
2025-05-07 16:00:00,8.89
2025-05-07 17:00:00,8.8
2025-05-07 18:00:00,8.8
2025-05-07 19:00:00,8.81
2025-05-07 20:00:00,8.74
2025-05-07 21:00:00,8.74
2025-05-07 22:00:00,8.76
2025-05-07 23:00:00,8.66
2025-05-08 00:00:00,8.59
2025-05-08 01:00:00,8.56
2025-05-08 02:00:00,8.58
2025-05-08 03:00:00,8.54
2025-05-08 04:00:00,8.5
2025-05-08 05:00:00,8.53
2025-05-08 06:00:00,8.52
2025-05-08 07:00:00,8.48
2025-05-08 08:00:00,8.51
2025-05-08 09:00:00,8.51
2025-05-08 10:00:00,8.44
2025-05-08 11:00:00,8.54
2025-05-08 12:00:00,8.51
2025-05-08 13:00:00,8.54
2025-05-08 14:00:00,8.53
2025-05-08 15:00:00,8.52
2025-05-08 16:00:00,8.53
2025-05-08 17:00:00,8.5
2025-05-08 18:00:00,8.44
2025-05-08 19:00:00,8.37
2025-05-08 20:00:00,8.33
2025-05-08 21:00:00,8.32
2025-05-08 22:00:00,8.25
2025-05-08 23:00:00,8.3
2025-05-09 00:00:00,8.3
2025-05-09 01:00:00,8.29
2025-05-09 02:00:00,8.3
2025-05-09 03:00:00,8.24
2025-05-09 04:00:00,8.27
2025-05-09 05:00:00,8.3
2025-05-09 06:00:00,8.31
2025-05-09 07:00:00,8.32
2025-05-09 08:00:00,8.32
2025-05-09 09:00:00,8.34
2025-05-09 10:00:00,8.4
2025-05-09 11:00:00,8.45
2025-05-09 12:00:00,8.46
2025-05-09 13:00:00,8.46
2025-05-09 14:00:00,8.48
2025-05-09 15:00:00,8.56
2025-05-09 16:00:00,8.58
2025-05-09 17:00:00,8.47
2025-05-09 18:00:00,8.44
2025-05-09 19:00:00,8.37
2025-05-09 20:00:00,8.32
2025-05-09 21:00:00,8.29
2025-05-09 22:00:00,8.22
2025-05-09 23:00:00,8.15
2025-05-10 00:00:00,8.25
2025-05-10 01:00:00,8.28
2025-05-10 02:00:00,8.31
2025-05-10 03:00:00,8.33
2025-05-10 04:00:00,8.34
2025-05-10 05:00:00,8.37
2025-05-10 06:00:00,8.39
2025-05-10 07:00:00,8.37
2025-05-10 08:00:00,8.41
2025-05-10 09:00:00,8.45
2025-05-10 10:00:00,8.44
2025-05-10 11:00:00,8.45
2025-05-10 12:00:00,8.46
2025-05-10 13:00:00,8.45
2025-05-10 14:00:00,8.42
2025-05-10 15:00:00,8.34
2025-05-10 16:00:00,8.37
2025-05-10 17:00:00,8.31
2025-05-10 18:00:00,8.24
2025-05-10 19:00:00,8.16
2025-05-10 20:00:00,8.1
2025-05-10 21:00:00,8.07
2025-05-10 22:00:00,8.01
2025-05-10 23:00:00,8.02
2025-05-11 00:00:00,7.98
2025-05-11 01:00:00,7.99
2025-05-11 02:00:00,8.01
2025-05-11 03:00:00,8.05
2025-05-11 04:00:00,8.08
2025-05-11 05:00:00,8.11
2025-05-11 06:00:00,8.17
2025-05-11 07:00:00,8.25
2025-05-11 08:00:00,8.27
2025-05-11 09:00:00,8.31
2025-05-11 10:00:00,8.35
2025-05-11 11:00:00,8.4
2025-05-11 12:00:00,8.41
2025-05-11 13:00:00,8.42
2025-05-11 14:00:00,8.42
2025-05-11 15:00:00,8.33
2025-05-11 16:00:00,8.26
2025-05-11 17:00:00,8.2
2025-05-11 18:00:00,8.12
2025-05-11 19:00:00,8.03
2025-05-11 20:00:00,7.96
2025-05-11 21:00:00,7.9
2025-05-11 22:00:00,7.82
2025-05-11 23:00:00,7.76
2025-05-12 00:00:00,7.78
2025-05-12 01:00:00,7.8
2025-05-12 02:00:00,7.81
2025-05-12 03:00:00,7.81
2025-05-12 04:00:00,7.89
2025-05-12 05:00:00,7.87
2025-05-12 06:00:00,7.93
2025-05-12 07:00:00,7.98
2025-05-12 08:00:00,7.94
2025-05-12 09:00:00,8.09
2025-05-12 10:00:00,8.04
2025-05-12 11:00:00,8.12
2025-05-12 12:00:00,8.15
2025-05-12 13:00:00,8.12
2025-05-12 14:00:00,8.12
2025-05-12 15:00:00,8.09
2025-05-12 16:00:00,8.05
2025-05-12 17:00:00,8.01
2025-05-12 18:00:00,7.95
2025-05-12 19:00:00,7.87
2025-05-12 20:00:00,7.82
2025-05-12 21:00:00,7.74
2025-05-12 22:00:00,7.66
2025-05-12 23:00:00,7.62
2025-05-13 00:00:00,7.62
2025-05-13 01:00:00,7.57
2025-05-13 02:00:00,7.6
2025-05-13 03:00:00,7.62
2025-05-13 04:00:00,7.64
2025-05-13 05:00:00,7.68
2025-05-13 06:00:00,7.76
2025-05-13 07:00:00,7.8
2025-05-13 08:00:00,7.88
2025-05-13 09:00:00,7.89
2025-05-13 10:00:00,7.94
2025-05-13 11:00:00,7.98
2025-05-13 12:00:00,7.98
2025-05-13 13:00:00,8.0
2025-05-13 14:00:00,8.0
2025-05-13 15:00:00,8.0
2025-05-13 16:00:00,7.93
2025-05-13 17:00:00,7.89
2025-05-13 18:00:00,7.84
2025-05-13 19:00:00,7.72
2025-05-13 20:00:00,7.63
2025-05-13 21:00:00,7.47
2025-05-13 22:00:00,7.51
2025-05-13 23:00:00,7.47
2025-05-14 00:00:00,7.41
2025-05-14 01:00:00,7.36
2025-05-14 02:00:00,7.39
2025-05-14 03:00:00,7.37
2025-05-14 04:00:00,7.42
2025-05-14 05:00:00,7.47
2025-05-14 06:00:00,7.51
2025-05-14 07:00:00,7.57
2025-05-14 08:00:00,7.61
2025-05-14 09:00:00,7.68
2025-05-14 10:00:00,7.75
2025-05-14 11:00:00,7.8
2025-05-14 12:00:00,7.8
2025-05-14 13:00:00,7.82
2025-05-14 14:00:00,7.84
2025-05-14 15:00:00,7.76
2025-05-14 16:00:00,7.78
2025-05-14 17:00:00,7.76
2025-05-14 18:00:00,7.68
2025-05-14 19:00:00,7.62
2025-05-14 20:00:00,7.52
2025-05-14 21:00:00,7.46
2025-05-14 22:00:00,7.38
2025-05-14 23:00:00,7.29
2025-05-15 00:00:00,7.26
2025-05-15 01:00:00,7.23
2025-05-15 02:00:00,7.22
2025-05-15 03:00:00,7.25
2025-05-15 04:00:00,7.24
2025-05-15 05:00:00,7.27
2025-05-15 06:00:00,7.32
2025-05-15 07:00:00,7.35
2025-05-15 08:00:00,7.45
2025-05-15 09:00:00,7.5
2025-05-15 10:00:00,7.55
2025-05-15 11:00:00,7.63
2025-05-15 12:00:00,7.72
2025-05-15 13:00:00,7.75
2025-05-15 14:00:00,7.74
2025-05-15 15:00:00,7.78
2025-05-15 16:00:00,7.77
2025-05-15 17:00:00,7.76
2025-05-15 18:00:00,7.65
2025-05-15 19:00:00,7.62
2025-05-15 20:00:00,7.52
2025-05-15 21:00:00,7.46
2025-05-15 22:00:00,7.37
2025-05-15 23:00:00,7.3
2025-05-16 00:00:00,7.2
2025-05-16 01:00:00,7.17
2025-05-16 02:00:00,7.14
2025-05-16 03:00:00,7.11
2025-05-16 04:00:00,7.06
2025-05-16 05:00:00,7.11
2025-05-16 06:00:00,7.18
2025-05-16 07:00:00,7.07
2025-05-16 08:00:00,7.3
2025-05-16 09:00:00,7.29
2025-05-16 10:00:00,7.4
2025-05-16 11:00:00,7.45
2025-05-16 12:00:00,7.53
2025-05-16 13:00:00,7.57
2025-05-16 14:00:00,7.62
2025-05-16 15:00:00,7.64
2025-05-16 16:00:00,7.67
2025-05-16 17:00:00,7.62
2025-05-16 18:00:00,7.6
2025-05-16 19:00:00,7.56
2025-05-16 20:00:00,7.43
2025-05-16 21:00:00,7.4
2025-05-16 22:00:00,7.33
2025-05-16 23:00:00,7.23
2025-05-17 00:00:00,7.14
2025-05-17 01:00:00,7.07
2025-05-17 02:00:00,7.01
2025-05-17 03:00:00,7.01
2025-05-17 04:00:00,6.97
2025-05-17 05:00:00,6.98
2025-05-17 06:00:00,7.01
2025-05-17 07:00:00,7.06
2025-05-17 08:00:00,7.08
2025-05-17 09:00:00,7.19
2025-05-17 10:00:00,7.2
2025-05-17 11:00:00,7.26
2025-05-17 12:00:00,7.36
2025-05-17 13:00:00,7.39
2025-05-17 14:00:00,7.43
2025-05-17 15:00:00,7.46
2025-05-17 16:00:00,7.46
2025-05-17 17:00:00,7.52
2025-05-17 18:00:00,7.47
2025-05-17 19:00:00,7.43
2025-05-17 20:00:00,7.38
2025-05-17 21:00:00,7.32
2025-05-17 22:00:00,7.21
2025-05-17 23:00:00,7.16
2025-05-18 00:00:00,7.09
2025-05-18 01:00:00,6.97
2025-05-18 02:00:00,6.93
2025-05-18 03:00:00,6.87
2025-05-18 04:00:00,6.88
2025-05-18 05:00:00,6.85
2025-05-18 06:00:00,6.82
2025-05-18 07:00:00,6.87
2025-05-18 08:00:00,6.89
2025-05-18 09:00:00,6.97
2025-05-18 10:00:00,7.01
2025-05-18 11:00:00,7.11
2025-05-18 12:00:00,7.16
2025-05-18 13:00:00,7.24
2025-05-18 14:00:00,7.3
2025-05-18 15:00:00,7.33
2025-05-18 16:00:00,7.37
2025-05-18 17:00:00,7.38
2025-05-18 18:00:00,7.34
2025-05-18 19:00:00,7.34
2025-05-18 20:00:00,7.32
2025-05-18 21:00:00,7.26
2025-05-18 22:00:00,7.19
2025-05-18 23:00:00,7.11
2025-05-19 00:00:00,7.08
2025-05-19 01:00:00,7.03
2025-05-19 02:00:00,6.93
2025-05-19 03:00:00,6.93
2025-05-19 04:00:00,6.9
2025-05-19 05:00:00,6.87
2025-05-19 06:00:00,6.86
2025-05-19 07:00:00,6.88
2025-05-19 08:00:00,6.91
2025-05-19 09:00:00,6.95
2025-05-19 10:00:00,6.98
2025-05-19 11:00:00,6.97
2025-05-19 12:00:00,7.16
2025-05-19 13:00:00,7.2
2025-05-19 14:00:00,7.23
2025-05-19 15:00:00,7.3
2025-05-19 16:00:00,7.33
2025-05-19 17:00:00,7.32
2025-05-19 18:00:00,7.32
2025-05-19 19:00:00,7.32
2025-05-19 20:00:00,7.3
2025-05-19 21:00:00,7.28
2025-05-19 22:00:00,7.22
2025-05-19 23:00:00,7.14
2025-05-20 00:00:00,7.11
2025-05-20 01:00:00,7.05
2025-05-20 02:00:00,6.99
2025-05-20 03:00:00,6.93
2025-05-20 04:00:00,6.92
2025-05-20 05:00:00,6.91
2025-05-20 06:00:00,6.88
2025-05-20 07:00:00,6.83
2025-05-20 08:00:00,6.92
2025-05-20 09:00:00,6.94
2025-05-20 10:00:00,6.99
2025-05-20 11:00:00,7.02
2025-05-20 12:00:00,7.09
2025-05-20 13:00:00,7.1
2025-05-20 14:00:00,7.13
2025-05-20 15:00:00,7.17
2025-05-20 16:00:00,7.2
2025-05-20 17:00:00,7.19
2025-05-20 18:00:00,7.17
2025-05-20 19:00:00,7.2
2025-05-20 20:00:00,7.18
2025-05-20 21:00:00,7.16
2025-05-20 22:00:00,7.16
2025-05-20 23:00:00,7.11
2025-05-21 00:00:00,7.08
2025-05-21 01:00:00,7.03
2025-05-21 02:00:00,6.96
2025-05-21 03:00:00,6.94
2025-05-21 04:00:00,6.89
2025-05-21 05:00:00,6.85
2025-05-21 06:00:00,6.83
2025-05-21 07:00:00,6.83
2025-05-21 08:00:00,6.85
2025-05-21 09:00:00,6.83
2025-05-21 10:00:00,6.85
2025-05-21 11:00:00,6.89
2025-05-21 12:00:00,6.9
2025-05-21 13:00:00,6.93
2025-05-21 14:00:00,6.95
2025-05-21 15:00:00,6.91
2025-05-21 16:00:00,6.92
2025-05-21 17:00:00,6.87
2025-05-21 18:00:00,6.92
2025-05-21 19:00:00,6.93
2025-05-21 20:00:00,6.93
2025-05-21 21:00:00,6.93
2025-05-21 22:00:00,6.92
2025-05-21 23:00:00,6.93
2025-05-22 00:00:00,6.89
2025-05-22 01:00:00,6.86
2025-05-22 02:00:00,6.84
2025-05-22 03:00:00,6.84
2025-05-22 04:00:00,6.83
2025-05-22 05:00:00,6.8
2025-05-22 06:00:00,6.8
2025-05-22 07:00:00,6.79
2025-05-22 08:00:00,6.82
2025-05-22 09:00:00,6.82
2025-05-22 10:00:00,6.83
2025-05-22 11:00:00,6.85
2025-05-22 12:00:00,6.74
2025-05-22 13:00:00,6.88
2025-05-22 14:00:00,6.94
2025-05-22 15:00:00,6.92
2025-05-22 16:00:00,6.93
2025-05-22 17:00:00,6.91
2025-05-22 18:00:00,6.88
2025-05-22 19:00:00,6.88
2025-05-22 20:00:00,6.89
2025-05-22 21:00:00,6.89
2025-05-22 22:00:00,6.79
2025-05-22 23:00:00,6.83
2025-05-23 00:00:00,6.78
2025-07-22 00:00:00,2.67
2025-07-22 01:00:00,2.73
2025-07-22 02:00:00,2.82
2025-07-22 03:00:00,2.98
2025-07-22 04:00:00,3.11
2025-07-22 05:00:00,3.23
2025-07-22 06:00:00,3.35
2025-07-22 07:00:00,3.5
2025-07-22 08:00:00,3.58
2025-07-22 09:00:00,3.67
2025-07-22 10:00:00,3.72
2025-07-22 11:00:00,3.71
2025-07-22 12:00:00,3.75
2025-07-22 13:00:00,3.67
2025-07-22 14:00:00,3.57
2025-07-22 15:00:00,3.45
2025-07-22 16:00:00,3.28
2025-07-22 17:00:00,3.09
2025-07-22 18:00:00,2.91
2025-07-22 19:00:00,2.75
2025-07-22 20:00:00,2.59
2025-07-22 21:00:00,2.49
2025-07-22 22:00:00,2.38
2025-07-22 23:00:00,2.38
2025-07-23 00:00:00,2.33
2025-07-23 01:00:00,2.37
2025-07-23 02:00:00,2.4
2025-07-23 03:00:00,2.54
2025-07-23 04:00:00,2.67
2025-07-23 05:00:00,2.8
2025-07-23 06:00:00,2.93
2025-07-23 07:00:00,3.09
2025-07-23 08:00:00,3.26
2025-07-23 09:00:00,3.45
2025-07-23 10:00:00,3.52
2025-07-23 11:00:00,3.56
2025-07-23 12:00:00,3.61
2025-07-23 13:00:00,3.57
2025-07-23 14:00:00,3.54
2025-07-23 15:00:00,3.49
2025-07-23 16:00:00,3.36
2025-07-23 17:00:00,3.22
2025-07-23 18:00:00,3.07
2025-07-23 19:00:00,2.85
2025-07-23 20:00:00,2.68
2025-07-23 21:00:00,2.55
2025-07-23 22:00:00,2.58
2025-07-23 23:00:00,2.39
2025-07-24 00:00:00,2.32
2025-07-24 01:00:00,2.49
2025-07-24 02:00:00,2.43
2025-07-24 03:00:00,2.49
2025-07-24 04:00:00,2.55
2025-07-24 05:00:00,2.76
2025-07-24 06:00:00,2.91
2025-07-24 07:00:00,3.03
2025-07-24 08:00:00,3.22
2025-07-24 09:00:00,3.42
2025-07-24 10:00:00,3.55
2025-07-24 11:00:00,3.62
2025-07-24 12:00:00,3.74
2025-07-24 13:00:00,3.7
2025-07-24 14:00:00,3.69
2025-07-24 15:00:00,3.67
2025-07-24 16:00:00,3.57
2025-07-24 17:00:00,3.43
2025-07-24 18:00:00,3.27
2025-07-24 19:00:00,3.08
2025-07-24 20:00:00,2.96
2025-07-24 21:00:00,2.79
2025-07-24 22:00:00,2.7
2025-07-24 23:00:00,2.52
2025-07-25 00:00:00,2.5
2025-07-25 01:00:00,2.51
2025-07-25 02:00:00,2.55
2025-07-25 03:00:00,2.54
2025-07-25 04:00:00,2.68
2025-07-25 05:00:00,2.81
2025-07-25 06:00:00,2.97
2025-07-25 07:00:00,3.08
2025-07-25 08:00:00,3.24
2025-07-25 09:00:00,3.29
2025-07-25 10:00:00,3.48
2025-07-25 11:00:00,3.59
2025-07-25 12:00:00,3.64
2025-07-25 13:00:00,3.66
2025-07-25 14:00:00,3.68
2025-07-25 15:00:00,3.66
2025-07-25 16:00:00,3.6
2025-07-25 17:00:00,3.41
2025-07-25 18:00:00,3.36
2025-07-25 19:00:00,3.25
2025-07-25 20:00:00,3.15
2025-07-25 21:00:00,2.85
2025-07-25 22:00:00,2.56
2025-07-25 23:00:00,2.68
2025-07-26 00:00:00,2.65
2025-07-26 01:00:00,2.45
2025-07-26 02:00:00,2.47
2025-07-26 03:00:00,2.51
2025-07-26 04:00:00,2.59
2025-07-26 05:00:00,2.66
2025-07-26 06:00:00,2.74
2025-07-26 07:00:00,2.83
2025-07-26 08:00:00,2.98
2025-07-26 09:00:00,3.07
2025-07-26 10:00:00,3.15
2025-07-26 11:00:00,3.27
2025-07-26 12:00:00,3.39
2025-07-26 13:00:00,3.41
2025-07-26 14:00:00,3.45
2025-07-26 15:00:00,3.48
2025-07-26 16:00:00,3.42
2025-07-26 17:00:00,3.39
2025-07-26 18:00:00,3.32
2025-07-26 19:00:00,3.2
2025-07-26 20:00:00,3.08
2025-07-26 21:00:00,2.93
2025-07-26 22:00:00,2.84
2025-07-26 23:00:00,2.73
2025-07-27 00:00:00,2.63
2025-07-27 01:00:00,2.58
2025-07-27 02:00:00,2.56
2025-07-27 03:00:00,2.57
2025-07-27 04:00:00,2.62
2025-07-27 05:00:00,2.67
2025-07-27 06:00:00,2.76
2025-07-27 07:00:00,2.83
2025-07-27 08:00:00,2.91
2025-07-27 09:00:00,2.98
2025-07-27 10:00:00,3.05
2025-07-27 11:00:00,3.12
2025-07-27 12:00:00,3.2
2025-07-27 13:00:00,3.25
2025-07-27 14:00:00,3.3
2025-07-27 15:00:00,3.33
2025-07-27 16:00:00,3.35
2025-07-27 17:00:00,3.3
2025-07-27 18:00:00,3.27
2025-07-27 19:00:00,3.22
2025-07-27 20:00:00,3.12
2025-07-27 21:00:00,3.03
2025-07-27 22:00:00,2.95
2025-07-27 23:00:00,2.87
2025-07-28 00:00:00,2.79
2025-07-28 01:00:00,2.75
2025-07-28 02:00:00,2.73
2025-07-28 03:00:00,2.75
2025-07-28 04:00:00,2.72
2025-07-28 05:00:00,2.82
2025-07-28 06:00:00,2.8
2025-07-28 07:00:00,2.83
2025-07-28 08:00:00,2.91
2025-07-28 09:00:00,2.93
2025-07-28 10:00:00,2.96
2025-07-28 11:00:00,2.99
2025-07-28 12:00:00,3.05
2025-07-28 13:00:00,3.08
2025-07-28 14:00:00,3.13
2025-07-28 15:00:00,3.11
2025-07-28 16:00:00,3.19
2025-07-28 17:00:00,3.15
2025-07-28 18:00:00,3.16
2025-07-28 19:00:00,3.12
2025-07-28 20:00:00,3.11
2025-07-28 21:00:00,3.05
2025-07-28 22:00:00,3.01
2025-07-28 23:00:00,2.92
2025-07-29 00:00:00,2.91
2025-07-29 01:00:00,2.9
2025-07-29 02:00:00,2.87
2025-07-29 03:00:00,2.88
2025-07-29 04:00:00,2.87
2025-07-29 05:00:00,2.89
2025-07-29 06:00:00,2.91
2025-07-29 07:00:00,2.91
2025-07-29 08:00:00,2.93
2025-07-29 09:00:00,2.94
2025-07-29 10:00:00,2.96
2025-07-29 11:00:00,2.98
2025-07-29 12:00:00,2.98
2025-07-29 13:00:00,3.01
2025-07-29 14:00:00,2.99
2025-07-29 15:00:00,2.96
2025-07-29 16:00:00,2.95
2025-07-29 17:00:00,2.93
2025-07-29 18:00:00,2.94
2025-07-29 19:00:00,2.9
2025-07-29 20:00:00,2.97
2025-07-29 21:00:00,2.95
2025-07-29 22:00:00,2.96
2025-07-29 23:00:00,2.96
2025-07-30 00:00:00,2.91
2025-07-30 01:00:00,2.96
2025-07-30 02:00:00,3.01
2025-07-30 03:00:00,3.02
2025-07-30 04:00:00,3.02
2025-07-30 05:00:00,3.03
2025-07-30 06:00:00,3.1
2025-07-30 07:00:00,3.15
2025-07-30 08:00:00,3.16
2025-07-30 09:00:00,3.15
2025-07-30 10:00:00,3.15
2025-07-30 11:00:00,3.11
2025-07-30 12:00:00,3.13
2025-07-30 13:00:00,3.11
2025-07-30 14:00:00,3.07
2025-07-30 15:00:00,3.09
2025-07-30 16:00:00,2.98
2025-07-30 17:00:00,3.0
2025-07-30 18:00:00,2.98
2025-07-30 19:00:00,2.99
2025-07-30 20:00:00,3.0
2025-07-30 21:00:00,3.0
2025-07-30 22:00:00,3.07
2025-07-30 23:00:00,3.02
2025-07-31 00:00:00,3.06
2025-07-31 01:00:00,3.11
2025-07-31 02:00:00,3.11
2025-07-31 03:00:00,3.17
2025-07-31 04:00:00,3.22
2025-07-31 05:00:00,3.3
2025-07-31 06:00:00,3.34
2025-07-31 07:00:00,3.32
2025-07-31 08:00:00,3.34
2025-07-31 09:00:00,3.34
2025-07-31 10:00:00,3.27
2025-07-31 11:00:00,3.23
2025-07-31 12:00:00,3.18
2025-07-31 13:00:00,3.11
2025-07-31 14:00:00,3.06
2025-07-31 15:00:00,2.97
2025-07-31 16:00:00,2.94
2025-07-31 17:00:00,2.86
2025-07-31 18:00:00,2.85
2025-07-31 19:00:00,2.82
2025-07-31 20:00:00,2.83
2025-07-31 21:00:00,2.85
2025-07-31 22:00:00,2.86
2025-07-31 23:00:00,2.9
2025-08-01 00:00:00,2.95
2025-08-01 01:00:00,3.0
2025-08-01 02:00:00,3.04
2025-08-01 03:00:00,3.06
2025-08-01 04:00:00,3.18
2025-08-01 05:00:00,3.25
2025-08-01 06:00:00,3.16
2025-08-01 07:00:00,3.28
2025-08-01 08:00:00,3.2
2025-08-01 09:00:00,3.2
2025-08-01 10:00:00,3.18
2025-08-01 11:00:00,3.14
2025-08-01 12:00:00,3.04
2025-08-01 13:00:00,2.98
2025-08-01 14:00:00,2.9
2025-08-01 15:00:00,2.82
2025-08-01 16:00:00,2.72
2025-08-01 17:00:00,2.62
2025-08-01 18:00:00,2.59
2025-08-01 19:00:00,2.59
2025-08-01 20:00:00,2.52
2025-08-01 21:00:00,2.58
2025-08-01 22:00:00,2.59
2025-08-01 23:00:00,2.63
2025-08-02 00:00:00,2.69
2025-08-02 01:00:00,2.72
2025-08-02 02:00:00,2.83
2025-08-02 03:00:00,2.89
2025-08-02 04:00:00,3.04
2025-08-02 05:00:00,3.1
2025-08-02 06:00:00,3.14
2025-08-02 07:00:00,3.15
2025-08-02 08:00:00,3.17
2025-08-02 09:00:00,3.23
2025-08-02 10:00:00,3.18
2025-08-02 11:00:00,3.11
2025-08-02 12:00:00,3.05
2025-08-02 13:00:00,2.93
2025-08-02 14:00:00,2.84
2025-08-02 15:00:00,2.79
2025-08-02 16:00:00,2.73
2025-08-02 17:00:00,2.61
2025-08-02 18:00:00,2.52
2025-08-02 19:00:00,2.45
2025-08-02 20:00:00,2.41
2025-08-02 21:00:00,2.31
2025-08-02 22:00:00,2.48
2025-08-02 23:00:00,2.5
2025-08-03 00:00:00,2.54
2025-08-03 01:00:00,2.65
2025-08-03 02:00:00,2.73
2025-08-03 03:00:00,2.84
2025-08-03 04:00:00,3.01
2025-08-03 05:00:00,3.11
2025-08-03 06:00:00,3.18
2025-08-03 07:00:00,3.21
2025-08-03 08:00:00,3.21
2025-08-03 09:00:00,3.2
2025-08-03 10:00:00,3.2
2025-08-03 11:00:00,3.19
2025-08-03 12:00:00,3.12
2025-08-03 13:00:00,3.0
2025-08-03 14:00:00,2.89
2025-08-03 15:00:00,2.8
2025-08-03 16:00:00,2.73
2025-08-03 17:00:00,2.64
2025-08-03 18:00:00,2.48
2025-08-03 19:00:00,2.38
2025-08-03 20:00:00,2.37
2025-08-03 21:00:00,2.34
2025-08-03 22:00:00,2.39
2025-08-03 23:00:00,2.43
2025-08-04 00:00:00,2.49
2025-08-04 01:00:00,2.62
2025-08-04 02:00:00,2.72
2025-08-04 03:00:00,2.87
2025-08-04 04:00:00,3.0
2025-08-04 05:00:00,3.08
2025-08-04 06:00:00,3.22
2025-08-04 07:00:00,3.28
2025-08-04 08:00:00,3.29
2025-08-04 09:00:00,3.33
2025-08-04 10:00:00,3.27
2025-08-04 11:00:00,3.27
2025-08-04 12:00:00,3.22
2025-08-04 13:00:00,3.13
2025-08-04 14:00:00,2.97
2025-08-04 15:00:00,2.87
2025-08-04 16:00:00,2.78
2025-08-04 17:00:00,2.65
2025-08-04 18:00:00,2.54
2025-08-04 19:00:00,2.44
2025-08-04 20:00:00,2.35
2025-08-04 21:00:00,2.33
2025-08-04 22:00:00,2.34
2025-08-04 23:00:00,2.36
2025-08-05 00:00:00,2.5
2025-08-05 01:00:00,2.46
2025-08-05 02:00:00,2.66
2025-08-05 03:00:00,2.79
2025-08-05 04:00:00,2.98
2025-08-05 05:00:00,3.02
2025-08-05 06:00:00,3.14
2025-08-05 07:00:00,3.27
2025-08-05 08:00:00,3.41
2025-08-05 09:00:00,3.33
2025-08-05 10:00:00,3.38
2025-08-05 11:00:00,3.33
2025-08-05 12:00:00,3.3
2025-08-05 13:00:00,3.24
2025-08-05 14:00:00,3.15
2025-08-05 15:00:00,2.99
2025-08-05 16:00:00,2.88
2025-08-05 17:00:00,2.74
2025-08-05 18:00:00,2.53
2025-08-05 19:00:00,2.46
2025-08-05 20:00:00,2.32
2025-08-05 21:00:00,2.23
2025-08-05 22:00:00,2.16
2025-08-05 23:00:00,2.12
2025-08-06 00:00:00,2.15
2025-08-06 01:00:00,2.21
2025-08-06 02:00:00,2.3
2025-08-06 03:00:00,2.42
2025-08-06 04:00:00,2.52
2025-08-06 05:00:00,2.64
2025-08-06 06:00:00,2.8
2025-08-06 07:00:00,2.91
2025-08-06 08:00:00,2.99
2025-08-06 09:00:00,3.05
2025-08-06 10:00:00,3.13
2025-08-06 11:00:00,3.16
2025-08-06 12:00:00,3.12
2025-08-06 13:00:00,3.11
2025-08-06 14:00:00,2.98
2025-08-06 15:00:00,2.91
2025-08-06 16:00:00,2.79
2025-08-06 17:00:00,2.65
2025-08-06 18:00:00,2.52
2025-08-06 19:00:00,2.36
2025-08-06 20:00:00,2.27
2025-08-06 21:00:00,2.13
2025-08-06 22:00:00,2.07
2025-08-06 23:00:00,2.07
2025-08-07 00:00:00,1.96
2025-08-07 01:00:00,2.1
2025-08-07 02:00:00,2.18
2025-08-07 03:00:00,2.24
2025-08-07 04:00:00,2.36
2025-08-07 05:00:00,2.45
2025-08-07 06:00:00,2.59
2025-08-07 07:00:00,2.73
2025-08-07 08:00:00,2.84
2025-08-07 09:00:00,2.93
2025-08-07 10:00:00,3.0
2025-08-07 11:00:00,2.89
2025-08-07 12:00:00,3.08
2025-08-07 13:00:00,3.11
2025-08-07 14:00:00,3.04
2025-08-07 15:00:00,3.03
2025-08-07 16:00:00,2.92
2025-08-07 17:00:00,2.72
2025-08-07 18:00:00,2.59
2025-08-07 19:00:00,2.51
2025-08-07 20:00:00,2.29
2025-08-07 21:00:00,2.19
2025-08-07 22:00:00,2.09
2025-08-07 23:00:00,2.05
2025-08-08 00:00:00,2.05
2025-08-08 01:00:00,2.08
2025-08-08 02:00:00,2.18
2025-08-08 03:00:00,2.23
2025-08-08 04:00:00,2.34
2025-08-08 05:00:00,2.46
2025-08-08 06:00:00,2.59
2025-08-08 07:00:00,2.77
2025-08-08 08:00:00,2.89
2025-08-08 09:00:00,3.14
2025-08-08 10:00:00,3.2
2025-08-08 11:00:00,3.35
2025-08-08 12:00:00,3.42
2025-08-08 13:00:00,3.5
2025-08-08 14:00:00,3.49
2025-08-08 15:00:00,3.45
2025-08-08 16:00:00,3.4
2025-08-08 17:00:00,3.3
2025-08-08 18:00:00,3.05
2025-08-08 19:00:00,2.98
2025-08-08 20:00:00,2.81
2025-08-08 21:00:00,2.67
2025-08-08 22:00:00,2.56
2025-08-08 23:00:00,2.45
2025-08-09 00:00:00,2.42
2025-08-09 01:00:00,2.51
2025-08-09 02:00:00,2.49
2025-08-09 03:00:00,2.53
2025-08-09 04:00:00,2.6
2025-08-09 05:00:00,2.76
2025-08-09 06:00:00,2.94
2025-08-09 07:00:00,3.01
2025-08-09 08:00:00,3.12
2025-08-09 09:00:00,3.21
2025-08-09 10:00:00,3.36
2025-08-09 11:00:00,3.51
2025-08-09 12:00:00,3.87
2025-08-09 13:00:00,3.72
2025-08-09 14:00:00,3.82
2025-08-09 15:00:00,3.78
2025-08-09 16:00:00,3.69
2025-08-09 17:00:00,3.6
2025-08-09 18:00:00,3.46
2025-08-09 19:00:00,3.35
2025-08-09 20:00:00,3.15
2025-08-09 21:00:00,2.97
2025-08-09 22:00:00,2.92
2025-08-09 23:00:00,2.83
2025-08-10 00:00:00,2.74
2025-08-10 01:00:00,2.78
2025-08-10 02:00:00,2.78
2025-08-10 03:00:00,2.78
2025-08-10 04:00:00,2.85
2025-08-10 05:00:00,2.9
2025-08-10 06:00:00,2.99
2025-08-10 07:00:00,3.07
2025-08-10 08:00:00,3.13
2025-08-10 09:00:00,3.27
2025-08-10 10:00:00,3.37
2025-08-10 11:00:00,3.48
2025-08-10 12:00:00,3.52
2025-08-10 13:00:00,3.57
2025-08-10 14:00:00,3.71
2025-08-10 15:00:00,3.7
2025-08-10 16:00:00,3.72
2025-08-10 17:00:00,3.71
2025-08-10 18:00:00,3.61
2025-08-10 19:00:00,3.58
2025-08-10 20:00:00,3.47
2025-08-10 21:00:00,3.33
2025-08-10 22:00:00,3.22
2025-08-10 23:00:00,3.15
2025-08-11 00:00:00,3.07
2025-08-11 01:00:00,3.02
2025-08-11 02:00:00,3.02
2025-08-11 03:00:00,3.03
2025-08-11 04:00:00,3.09
2025-08-11 05:00:00,3.12
2025-08-11 06:00:00,3.13
2025-08-11 07:00:00,3.13
2025-08-11 08:00:00,3.14
2025-08-11 09:00:00,3.19
2025-08-11 10:00:00,3.16
2025-08-11 11:00:00,3.23
2025-08-11 12:00:00,3.29
2025-08-11 13:00:00,3.44
2025-08-11 14:00:00,3.44
2025-08-11 15:00:00,3.5
2025-08-11 16:00:00,3.6
2025-08-11 17:00:00,3.54
2025-08-11 18:00:00,3.47
2025-08-11 19:00:00,3.4
2025-08-11 20:00:00,3.28
2025-08-11 21:00:00,3.19
2025-08-11 22:00:00,3.08
2025-08-11 23:00:00,2.99
2025-08-12 00:00:00,2.94
2025-08-12 01:00:00,2.93
2025-08-12 02:00:00,2.91
2025-08-12 03:00:00,2.89
2025-08-12 04:00:00,2.89
2025-08-12 05:00:00,2.91
2025-08-12 06:00:00,2.92
2025-08-12 07:00:00,2.94
2025-08-12 08:00:00,2.93
2025-08-12 09:00:00,2.95
2025-08-12 10:00:00,2.9
2025-08-12 11:00:00,2.95
2025-08-12 12:00:00,3.0
2025-08-12 13:00:00,3.03
2025-08-12 14:00:00,3.1
2025-08-12 15:00:00,3.11
2025-08-12 16:00:00,3.12
2025-08-12 17:00:00,3.14
2025-08-12 18:00:00,3.1
2025-08-12 19:00:00,3.06
2025-08-12 20:00:00,3.01
2025-08-12 21:00:00,2.96
2025-08-12 22:00:00,2.91
2025-08-12 23:00:00,2.87
2025-08-13 00:00:00,2.89
2025-08-13 01:00:00,2.92
2025-08-13 02:00:00,2.91
2025-08-13 03:00:00,2.92
2025-08-13 04:00:00,2.94
2025-08-13 05:00:00,2.94
2025-08-13 06:00:00,2.86
2025-08-13 07:00:00,2.96
2025-08-13 08:00:00,2.9
2025-08-13 09:00:00,2.83
2025-08-13 10:00:00,2.72
2025-08-13 11:00:00,2.76
2025-08-13 12:00:00,2.69
2025-08-13 13:00:00,2.66
2025-08-13 14:00:00,2.67
2025-08-13 15:00:00,2.66
2025-08-13 16:00:00,2.68
2025-08-13 17:00:00,2.64
2025-08-13 18:00:00,2.69
2025-08-13 19:00:00,2.62
2025-08-13 20:00:00,2.66
2025-08-13 21:00:00,2.63
2025-08-13 22:00:00,2.64
2025-08-13 23:00:00,2.65
2025-08-14 00:00:00,2.64
2025-08-14 01:00:00,2.7
2025-08-14 02:00:00,2.7
2025-08-14 03:00:00,2.69
2025-08-14 04:00:00,2.74
2025-08-14 05:00:00,2.73
2025-08-14 06:00:00,2.77
2025-08-14 07:00:00,2.73
2025-08-14 08:00:00,2.68
2025-08-14 09:00:00,2.64
2025-08-14 10:00:00,2.55
2025-08-14 11:00:00,2.49
2025-08-14 12:00:00,2.42
2025-08-14 13:00:00,2.35
2025-08-14 14:00:00,2.3
2025-08-14 15:00:00,2.26
2025-08-14 16:00:00,2.25
2025-08-14 17:00:00,2.19
2025-08-14 18:00:00,2.22
2025-08-14 19:00:00,2.27
2025-08-14 20:00:00,2.3
2025-08-14 21:00:00,2.38
2025-08-14 22:00:00,2.46
2025-08-14 23:00:00,2.53
2025-08-15 00:00:00,2.56
2025-08-15 01:00:00,2.63
2025-08-15 02:00:00,2.73
2025-08-15 03:00:00,2.82
2025-08-15 04:00:00,2.88
2025-08-15 05:00:00,2.8
2025-08-15 06:00:00,2.88
2025-08-15 07:00:00,2.86
2025-08-15 08:00:00,2.84
2025-08-15 09:00:00,2.78
2025-08-15 10:00:00,2.69
2025-08-15 11:00:00,2.57
2025-08-15 12:00:00,2.49
2025-08-15 13:00:00,2.32
2025-08-15 14:00:00,2.18
2025-08-15 15:00:00,2.07
2025-08-15 16:00:00,1.94
2025-08-15 17:00:00,1.9
2025-08-15 18:00:00,1.85
2025-08-15 19:00:00,1.86
2025-08-15 20:00:00,1.88
2025-08-15 21:00:00,1.99
2025-08-15 22:00:00,2.06
2025-08-15 23:00:00,2.16
2025-08-16 00:00:00,2.28
2025-08-16 01:00:00,2.41
2025-08-16 02:00:00,2.49
2025-08-16 03:00:00,2.6
2025-08-16 04:00:00,2.66
2025-08-16 05:00:00,2.82
2025-08-16 06:00:00,2.84
2025-08-16 07:00:00,2.78
2025-08-16 08:00:00,2.78
2025-08-16 09:00:00,2.72
2025-08-16 10:00:00,2.65
2025-08-16 11:00:00,2.53
2025-08-16 12:00:00,2.4
2025-08-16 13:00:00,2.22
2025-08-16 14:00:00,2.09
2025-08-16 15:00:00,1.92
2025-08-16 16:00:00,1.8
2025-08-16 17:00:00,1.7
2025-08-16 18:00:00,1.63
2025-08-16 19:00:00,1.62
2025-08-16 20:00:00,1.65
2025-08-16 21:00:00,1.72
2025-08-16 22:00:00,1.81
2025-08-16 23:00:00,1.9
2025-08-17 00:00:00,2.05
2025-08-17 01:00:00,2.24
2025-08-17 02:00:00,2.38
2025-08-17 03:00:00,2.52
2025-08-17 04:00:00,2.67
2025-08-17 05:00:00,2.79
2025-08-17 06:00:00,2.83
2025-08-17 07:00:00,2.86
2025-08-17 08:00:00,2.84
2025-08-17 09:00:00,2.87
2025-08-17 10:00:00,2.81
2025-08-17 11:00:00,2.72
2025-08-17 12:00:00,2.6
2025-08-17 13:00:00,2.45
2025-08-17 14:00:00,2.3
2025-08-17 15:00:00,2.14
2025-08-17 16:00:00,1.98
2025-08-17 17:00:00,1.8
2025-08-17 18:00:00,1.69
2025-08-17 19:00:00,1.6
2025-08-17 20:00:00,1.54
2025-08-17 21:00:00,1.55
2025-08-17 22:00:00,1.6
2025-08-17 23:00:00,1.72
2025-08-18 00:00:00,1.86
2025-08-18 01:00:00,2.07
2025-08-18 02:00:00,2.16
2025-08-18 03:00:00,2.35
2025-08-18 04:00:00,2.55
2025-08-18 05:00:00,2.63
2025-08-18 06:00:00,2.84
2025-08-18 07:00:00,2.88
2025-08-18 08:00:00,2.97
2025-08-18 09:00:00,2.97
2025-08-18 10:00:00,3.0
2025-08-18 11:00:00,2.94
2025-08-18 12:00:00,2.86
2025-08-18 13:00:00,2.74
2025-08-18 14:00:00,2.58
2025-08-18 15:00:00,2.4
2025-08-18 16:00:00,2.24
2025-08-18 17:00:00,2.05
2025-08-18 18:00:00,1.91
2025-08-18 19:00:00,1.78
2025-08-18 20:00:00,1.7
2025-08-18 21:00:00,1.61
2025-08-18 22:00:00,1.6
2025-08-18 23:00:00,1.65
2025-08-19 00:00:00,1.77
2025-08-19 01:00:00,1.9
2025-08-19 02:00:00,2.07
2025-08-19 03:00:00,2.15
2025-08-19 04:00:00,2.4
2025-08-19 05:00:00,2.55
2025-08-19 06:00:00,2.67
2025-08-19 07:00:00,2.81
2025-08-19 08:00:00,2.94
2025-08-19 09:00:00,2.97
2025-08-19 10:00:00,3.02
2025-08-19 11:00:00,3.04
2025-08-19 12:00:00,3.0
2025-08-19 13:00:00,2.86
2025-08-19 14:00:00,2.72
2025-08-19 15:00:00,2.54
2025-08-19 16:00:00,2.35
2025-08-19 17:00:00,2.16
2025-08-19 18:00:00,1.93
2025-08-19 19:00:00,1.78
2025-08-19 20:00:00,1.61
2025-08-19 21:00:00,1.47
2025-08-19 22:00:00,1.46
2025-08-19 23:00:00,1.51
2025-08-20 00:00:00,1.55
2025-08-20 01:00:00,1.64
2025-08-20 02:00:00,1.81
2025-08-20 03:00:00,2.02
2025-08-20 04:00:00,2.12
2025-08-20 05:00:00,2.24
2025-08-20 06:00:00,2.52
2025-08-20 07:00:00,2.75
2025-08-20 08:00:00,2.91
2025-08-20 09:00:00,3.06
2025-08-20 10:00:00,3.05
2025-08-20 11:00:00,3.06
2025-08-20 12:00:00,3.09
2025-08-20 13:00:00,3.07
2025-08-20 14:00:00,2.96
2025-08-20 15:00:00,2.8
2025-08-20 16:00:00,2.61
2025-08-20 17:00:00,2.41
2025-08-20 18:00:00,2.21
2025-08-20 19:00:00,2.01
2025-08-20 20:00:00,1.85
2025-08-20 21:00:00,1.73
2025-08-20 22:00:00,1.64
2025-08-20 23:00:00,1.6
2025-08-21 00:00:00,1.62
2025-10-20 00:00:00,2.25
2025-10-20 01:00:00,2.31
2025-10-20 02:00:00,2.35
2025-10-20 03:00:00,2.32
2025-10-20 04:00:00,2.27
2025-10-20 05:00:00,2.19
2025-10-20 06:00:00,2.08
2025-10-20 07:00:00,1.98
2025-10-20 08:00:00,1.95
2025-10-20 09:00:00,1.92
2025-10-20 10:00:00,1.91
2025-10-20 11:00:00,1.92
2025-10-20 12:00:00,1.92
2025-10-20 13:00:00,1.99
2025-10-20 14:00:00,2.05
2025-10-20 15:00:00,2.03
2025-10-20 16:00:00,2.03
2025-10-20 17:00:00,2.06
2025-10-20 18:00:00,2.08
2025-10-20 19:00:00,2.05
2025-10-20 20:00:00,2.03
2025-10-20 21:00:00,2.06
2025-10-20 22:00:00,2.12
2025-10-20 23:00:00,2.17
2025-10-21 00:00:00,2.14
2025-10-21 01:00:00,2.14
2025-10-21 02:00:00,2.1
2025-10-21 03:00:00,2.03
2025-10-21 04:00:00,1.94
2025-10-21 05:00:00,1.79
2025-10-21 06:00:00,1.6
2025-10-21 07:00:00,1.38
2025-10-21 08:00:00,1.26
2025-10-21 09:00:00,1.1
2025-10-21 10:00:00,1.02
2025-10-21 11:00:00,1.07
2025-10-21 12:00:00,1.07
2025-10-21 13:00:00,1.13
2025-10-21 14:00:00,1.22
2025-10-21 15:00:00,1.36
2025-10-21 16:00:00,1.43
2025-10-21 17:00:00,1.52
2025-10-21 18:00:00,1.61
2025-10-21 19:00:00,1.65
2025-10-21 20:00:00,1.82
2025-10-21 21:00:00,1.87
2025-10-21 22:00:00,1.98
2025-10-21 23:00:00,2.12
2025-10-22 00:00:00,2.1
2025-10-22 01:00:00,2.04
2025-10-22 02:00:00,2.01
2025-10-22 03:00:00,2.0
2025-10-22 04:00:00,1.77
2025-10-22 05:00:00,1.72
2025-10-22 06:00:00,1.63
2025-10-22 07:00:00,1.4
2025-10-22 08:00:00,1.38
2025-10-22 09:00:00,1.2
2025-10-22 10:00:00,1.15
2025-10-22 11:00:00,1.15
2025-10-22 12:00:00,1.21
2025-10-22 13:00:00,1.2
2025-10-22 14:00:00,1.32
2025-10-22 15:00:00,1.44
2025-10-22 16:00:00,1.54
2025-10-22 17:00:00,1.59
2025-10-22 18:00:00,1.65
2025-10-22 19:00:00,1.68
2025-10-22 20:00:00,1.75
2025-10-22 21:00:00,1.87
2025-10-22 22:00:00,1.95
2025-10-22 23:00:00,2.08
2025-10-23 00:00:00,2.14
2025-10-23 01:00:00,2.21
2025-10-23 02:00:00,2.2
2025-10-23 03:00:00,2.11
2025-10-23 04:00:00,2.02
2025-10-23 05:00:00,1.84
2025-10-23 06:00:00,1.64
2025-10-23 07:00:00,1.45
2025-10-23 08:00:00,1.26
2025-10-23 09:00:00,1.11
2025-10-23 10:00:00,1.01
2025-10-23 11:00:00,1.05
2025-10-23 12:00:00,0.98
2025-10-23 13:00:00,1.0
2025-10-23 14:00:00,1.04
2025-10-23 15:00:00,1.15
2025-10-23 16:00:00,1.25
2025-10-23 17:00:00,1.38
2025-10-23 18:00:00,1.39
2025-10-23 19:00:00,1.5
2025-10-23 20:00:00,1.61
2025-10-23 21:00:00,1.73
2025-10-23 22:00:00,1.86
2025-10-23 23:00:00,1.99
2025-10-24 00:00:00,2.05
2025-10-24 01:00:00,2.08
2025-10-24 02:00:00,2.08
2025-10-24 03:00:00,2.04
2025-10-24 04:00:00,1.97
2025-10-24 05:00:00,1.83
2025-10-24 06:00:00,1.62
2025-10-24 07:00:00,1.42
2025-10-24 08:00:00,1.23
2025-10-24 09:00:00,1.04
2025-10-24 10:00:00,0.93
2025-10-24 11:00:00,0.84
2025-10-24 12:00:00,0.72
2025-10-24 13:00:00,0.68
2025-10-24 14:00:00,0.68
2025-10-24 15:00:00,0.77
2025-10-24 16:00:00,0.9
2025-10-24 17:00:00,1.04
2025-10-24 18:00:00,1.21
2025-10-24 19:00:00,1.39
2025-10-24 20:00:00,1.6
2025-10-24 21:00:00,1.81
2025-10-24 22:00:00,1.98
2025-10-24 23:00:00,2.18
2025-10-25 00:00:00,2.33
2025-10-25 01:00:00,2.45
2025-10-25 02:00:00,2.51
2025-10-25 03:00:00,2.58
2025-10-25 04:00:00,2.54
2025-10-25 05:00:00,2.46
2025-10-25 06:00:00,2.28
2025-10-25 07:00:00,2.08
2025-10-25 08:00:00,1.82
2025-10-25 09:00:00,1.58
2025-10-25 10:00:00,1.4
2025-10-25 11:00:00,1.17
2025-10-25 12:00:00,1.05
2025-10-25 13:00:00,0.98
2025-10-25 14:00:00,1.01
2025-10-25 15:00:00,0.97
2025-10-25 16:00:00,1.07
2025-10-25 17:00:00,1.19
2025-10-25 18:00:00,1.28
2025-10-25 19:00:00,1.41
2025-10-25 20:00:00,1.6
2025-10-25 21:00:00,1.76
2025-10-25 22:00:00,2.03
2025-10-25 23:00:00,2.29
2025-10-26 00:00:00,2.4
2025-10-26 01:00:00,2.62
2025-10-26 02:00:00,2.75
2025-10-26 03:00:00,2.85
2025-10-26 04:00:00,2.79
2025-10-26 05:00:00,2.74
2025-10-26 06:00:00,2.57
2025-10-26 07:00:00,2.42
2025-10-26 08:00:00,2.34
2025-10-26 09:00:00,1.87
2025-10-26 10:00:00,1.69
2025-10-26 11:00:00,1.46
2025-10-26 12:00:00,1.18
2025-10-26 13:00:00,1.1
2025-10-26 14:00:00,0.97
2025-10-26 15:00:00,0.95
2025-10-26 16:00:00,1.05
2025-10-26 17:00:00,1.15
2025-10-26 18:00:00,1.31
2025-10-26 19:00:00,1.5
2025-10-26 20:00:00,1.73
2025-10-26 21:00:00,1.91
2025-10-26 22:00:00,2.04
2025-10-26 23:00:00,2.2
2025-10-27 00:00:00,2.36
2025-10-27 01:00:00,2.47
2025-10-27 02:00:00,2.57
2025-10-27 03:00:00,2.64
2025-10-27 04:00:00,2.65
2025-10-27 05:00:00,2.57
2025-10-27 06:00:00,2.45
2025-10-27 07:00:00,2.33
2025-10-27 08:00:00,2.09
2025-10-27 09:00:00,1.95
2025-10-27 10:00:00,1.76
2025-10-27 11:00:00,1.51
2025-10-27 12:00:00,1.31
2025-10-27 13:00:00,0.97
2025-10-27 14:00:00,1.05
2025-10-27 15:00:00,1.08
2025-10-27 16:00:00,1.06
2025-10-27 17:00:00,1.0
2025-10-27 18:00:00,1.2
2025-10-27 19:00:00,1.37
2025-10-27 20:00:00,1.53
2025-10-27 21:00:00,1.8
2025-10-27 22:00:00,1.96
2025-10-27 23:00:00,2.11
2025-10-28 00:00:00,2.21
2025-10-28 01:00:00,2.38
2025-10-28 02:00:00,2.52
2025-10-28 03:00:00,2.58
2025-10-28 04:00:00,2.7
2025-10-28 05:00:00,2.77
2025-10-28 06:00:00,2.76
2025-10-28 07:00:00,2.7
2025-10-28 08:00:00,2.56
2025-10-28 09:00:00,2.44
2025-10-28 10:00:00,2.23
2025-10-28 11:00:00,2.02
2025-10-28 12:00:00,1.74
2025-10-28 13:00:00,1.54
2025-10-28 14:00:00,1.37
2025-10-28 15:00:00,1.27
2025-10-28 16:00:00,1.14
2025-10-28 17:00:00,1.1
2025-10-28 18:00:00,1.11
2025-10-28 19:00:00,1.15
2025-10-28 20:00:00,1.25
2025-10-28 21:00:00,1.41
2025-10-28 22:00:00,1.61
2025-10-28 23:00:00,1.8
2025-10-29 00:00:00,2.0
2025-10-29 01:00:00,2.16
2025-10-29 02:00:00,2.28
2025-10-29 03:00:00,2.47
2025-10-29 04:00:00,2.58
2025-10-29 05:00:00,2.63
2025-10-29 06:00:00,2.48
2025-10-29 07:00:00,2.44
2025-10-29 08:00:00,2.47
2025-10-29 09:00:00,2.12
2025-10-29 10:00:00,1.73
2025-10-29 11:00:00,1.55
2025-10-29 12:00:00,1.3
2025-10-29 13:00:00,0.98
2025-10-29 14:00:00,0.7
2025-10-29 15:00:00,0.54
2025-10-29 16:00:00,0.53
2025-10-29 17:00:00,0.5
2025-10-29 18:00:00,0.44
2025-10-29 19:00:00,0.45
2025-10-29 20:00:00,0.58
2025-10-29 21:00:00,0.68
2025-10-29 22:00:00,0.77
2025-10-29 23:00:00,0.86
2025-10-30 00:00:00,0.97
2025-10-30 01:00:00,1.08
2025-10-30 02:00:00,1.16
2025-10-30 03:00:00,1.38
2025-10-30 04:00:00,1.49
2025-10-30 05:00:00,1.56
2025-10-30 06:00:00,1.65
2025-10-30 07:00:00,1.68
2025-10-30 08:00:00,1.62
2025-10-30 09:00:00,1.57
2025-10-30 10:00:00,1.48
2025-10-30 11:00:00,1.4
2025-10-30 12:00:00,1.29
2025-10-30 13:00:00,1.07
2025-10-30 14:00:00,0.94
2025-10-30 15:00:00,0.78
2025-10-30 16:00:00,0.69
2025-10-30 17:00:00,0.61
2025-10-30 18:00:00,0.55
2025-10-30 19:00:00,0.56
2025-10-30 20:00:00,0.62
2025-10-30 21:00:00,0.71
2025-10-30 22:00:00,0.81
2025-10-30 23:00:00,0.87
2025-10-31 00:00:00,1.11
2025-10-31 01:00:00,1.24
2025-10-31 02:00:00,1.36
2025-10-31 03:00:00,1.44
2025-10-31 04:00:00,1.55
2025-10-31 05:00:00,1.63
2025-10-31 06:00:00,1.62
2025-10-31 07:00:00,1.65
2025-10-31 08:00:00,1.63
2025-10-31 09:00:00,1.6
2025-10-31 10:00:00,1.58
2025-10-31 11:00:00,1.26
2025-10-31 12:00:00,1.38
2025-10-31 13:00:00,1.27
2025-10-31 14:00:00,1.17
2025-10-31 15:00:00,1.03
2025-10-31 16:00:00,0.91
2025-10-31 17:00:00,0.81
2025-10-31 18:00:00,0.74
2025-10-31 19:00:00,0.69
2025-10-31 20:00:00,0.69
2025-10-31 21:00:00,0.68
2025-10-31 22:00:00,0.78
2025-10-31 23:00:00,0.83
2025-11-01 00:00:00,0.95
2025-11-01 01:00:00,1.01
2025-11-01 02:00:00,1.05
2025-11-01 03:00:00,1.12
2025-11-01 04:00:00,1.13
2025-11-01 05:00:00,1.17
2025-11-01 06:00:00,1.21
2025-11-01 07:00:00,1.2
2025-11-01 08:00:00,1.14
2025-11-01 09:00:00,1.29
2025-11-01 10:00:00,1.3
2025-11-01 11:00:00,1.37
2025-11-01 12:00:00,1.43
2025-11-01 13:00:00,1.39
2025-11-01 14:00:00,1.22
2025-11-01 15:00:00,1.28
2025-11-01 16:00:00,1.3
2025-11-01 17:00:00,1.23
2025-11-01 18:00:00,1.24
2025-11-01 19:00:00,1.18
2025-11-01 20:00:00,1.19
2025-11-01 21:00:00,1.29
2025-11-01 22:00:00,1.34
2025-11-01 23:00:00,1.43
2025-11-02 00:00:00,1.5
2025-11-02 01:00:00,1.54
2025-11-02 02:00:00,1.49
2025-11-02 03:00:00,1.46
2025-11-02 04:00:00,1.37
2025-11-02 05:00:00,1.38
2025-11-02 06:00:00,1.39
2025-11-02 07:00:00,1.32
2025-11-02 08:00:00,1.35
2025-11-02 09:00:00,1.45
2025-11-02 10:00:00,1.49
2025-11-02 11:00:00,1.57
2025-11-02 12:00:00,1.55
2025-11-02 13:00:00,1.55
2025-11-02 14:00:00,1.48
2025-11-02 15:00:00,1.41
2025-11-02 16:00:00,1.3
2025-11-02 17:00:00,1.31
2025-11-02 18:00:00,1.25
2025-11-02 19:00:00,1.26
2025-11-02 20:00:00,1.27
2025-11-02 21:00:00,1.3
2025-11-02 22:00:00,1.43
2025-11-02 23:00:00,1.6
2025-11-03 00:00:00,1.57
2025-11-03 01:00:00,1.51
2025-11-03 02:00:00,1.37
2025-11-03 03:00:00,1.41
2025-11-03 04:00:00,1.28
2025-11-03 05:00:00,1.21
2025-11-03 06:00:00,1.22
2025-11-03 07:00:00,1.24
2025-11-03 08:00:00,1.18
2025-11-03 09:00:00,1.15
2025-11-03 10:00:00,1.21
2025-11-03 11:00:00,1.3
2025-11-03 12:00:00,1.36
2025-11-03 13:00:00,1.45
2025-11-03 14:00:00,1.51
2025-11-03 15:00:00,1.49
2025-11-03 16:00:00,1.44
2025-11-03 17:00:00,1.39
2025-11-03 18:00:00,1.39
2025-11-03 19:00:00,1.39
2025-11-03 20:00:00,1.41
2025-11-03 21:00:00,1.4
2025-11-03 22:00:00,1.46
2025-11-03 23:00:00,1.48
2025-11-04 00:00:00,1.52
2025-11-04 01:00:00,1.54
2025-11-04 02:00:00,1.45
2025-11-04 03:00:00,1.3
2025-11-04 04:00:00,1.12
2025-11-04 05:00:00,0.95
2025-11-04 06:00:00,0.77
2025-11-04 07:00:00,0.71
2025-11-04 08:00:00,0.66
2025-11-04 09:00:00,0.61
2025-11-04 10:00:00,0.61
2025-11-04 11:00:00,0.69
2025-11-04 12:00:00,0.79
2025-11-04 13:00:00,0.9
2025-11-04 14:00:00,1.04
2025-11-04 15:00:00,1.17
2025-11-04 16:00:00,1.35
2025-11-04 17:00:00,1.43
2025-11-04 18:00:00,1.55
2025-11-04 19:00:00,1.56
2025-11-04 20:00:00,1.75
2025-11-04 21:00:00,1.85
2025-11-04 22:00:00,1.86
2025-11-04 23:00:00,1.84
2025-11-05 00:00:00,1.8
2025-11-05 01:00:00,1.7
2025-11-05 02:00:00,1.57
2025-11-05 03:00:00,1.4
2025-11-05 04:00:00,1.14
2025-11-05 05:00:00,0.9
2025-11-05 06:00:00,0.69
2025-11-05 07:00:00,0.48
2025-11-05 08:00:00,0.38
2025-11-05 09:00:00,0.32
2025-11-05 10:00:00,0.31
2025-11-05 11:00:00,0.36
2025-11-05 12:00:00,0.35
2025-11-05 13:00:00,0.76
2025-11-05 14:00:00,0.99
2025-11-05 15:00:00,1.21
2025-11-05 16:00:00,1.41
2025-11-05 17:00:00,1.58
2025-11-05 18:00:00,1.8
2025-11-05 19:00:00,1.95
2025-11-05 20:00:00,2.03
2025-11-05 21:00:00,2.13
2025-11-05 22:00:00,2.21
2025-11-05 23:00:00,2.2
2025-11-06 00:00:00,2.11
2025-11-06 01:00:00,2.03
2025-11-06 02:00:00,1.87
2025-11-06 03:00:00,1.67
2025-11-06 04:00:00,1.4
2025-11-06 05:00:00,1.2
2025-11-06 06:00:00,0.89
2025-11-06 07:00:00,0.65
2025-11-06 08:00:00,0.37
2025-11-06 09:00:00,0.28
2025-11-06 10:00:00,0.19
2025-11-06 11:00:00,0.18
2025-11-06 12:00:00,0.25
2025-11-06 13:00:00,0.4
2025-11-06 14:00:00,0.6
2025-11-06 15:00:00,0.8
2025-11-06 16:00:00,1.06
2025-11-06 17:00:00,1.31
2025-11-06 18:00:00,1.55
2025-11-06 19:00:00,1.83
2025-11-06 20:00:00,2.08
2025-11-06 21:00:00,2.3
2025-11-06 22:00:00,2.51
2025-11-06 23:00:00,2.52
2025-11-07 00:00:00,2.6
2025-11-07 01:00:00,2.57
2025-11-07 02:00:00,2.45
2025-11-07 03:00:00,2.33
2025-11-07 04:00:00,2.13
2025-11-07 05:00:00,1.83
2025-11-07 06:00:00,1.54
2025-11-07 07:00:00,1.24
2025-11-07 08:00:00,0.97
2025-11-07 09:00:00,0.72
2025-11-07 10:00:00,0.5
2025-11-07 11:00:00,0.41
2025-11-07 12:00:00,0.34
2025-11-07 13:00:00,0.36
2025-11-07 14:00:00,0.47
2025-11-07 15:00:00,0.71
2025-11-07 16:00:00,0.95
2025-11-07 17:00:00,1.15
2025-11-07 18:00:00,1.42
2025-11-07 19:00:00,1.68
2025-11-07 20:00:00,1.91
2025-11-07 21:00:00,2.18
2025-11-07 22:00:00,2.36
2025-11-07 23:00:00,2.48
2025-11-08 00:00:00,2.57
2025-11-08 01:00:00,2.57
2025-11-08 02:00:00,2.51
2025-11-08 03:00:00,2.41
2025-11-08 04:00:00,2.2
2025-11-08 05:00:00,1.96
2025-11-08 06:00:00,1.73
2025-11-08 07:00:00,1.43
2025-11-08 08:00:00,1.18
2025-11-08 09:00:00,0.91
2025-11-08 10:00:00,0.68
2025-11-08 11:00:00,0.65
2025-11-08 12:00:00,0.4
2025-11-08 13:00:00,0.32
2025-11-08 14:00:00,0.39
2025-11-08 15:00:00,0.52
2025-11-08 16:00:00,0.7
2025-11-08 17:00:00,0.91
2025-11-08 18:00:00,1.16
2025-11-08 19:00:00,1.42
2025-11-08 20:00:00,1.67
2025-11-08 21:00:00,1.94
2025-11-08 22:00:00,2.14
2025-11-08 23:00:00,2.35
2025-11-09 00:00:00,2.48
2025-11-09 01:00:00,2.55
2025-11-09 02:00:00,2.55
2025-11-09 03:00:00,2.53
2025-11-09 04:00:00,2.44
2025-11-09 05:00:00,2.26
2025-11-09 06:00:00,1.99
2025-11-09 07:00:00,1.76
2025-11-09 08:00:00,1.52
2025-11-09 09:00:00,1.17
2025-11-09 10:00:00,0.91
2025-11-09 11:00:00,0.66
2025-11-09 12:00:00,0.5
2025-11-09 13:00:00,0.38
2025-11-09 14:00:00,0.26
2025-11-09 15:00:00,0.21
2025-11-09 16:00:00,0.26
2025-11-09 17:00:00,0.35
2025-11-09 18:00:00,0.49
2025-11-09 19:00:00,0.67
2025-11-09 20:00:00,0.96
2025-11-09 21:00:00,1.25
2025-11-09 22:00:00,1.56
2025-11-09 23:00:00,1.81
2025-11-10 00:00:00,1.99
2025-11-10 01:00:00,2.09
2025-11-10 02:00:00,2.13
2025-11-10 03:00:00,2.18
2025-11-10 04:00:00,2.21
2025-11-10 05:00:00,2.14
2025-11-10 06:00:00,2.04
2025-11-10 07:00:00,1.78
2025-11-10 08:00:00,1.58
2025-11-10 09:00:00,1.33
2025-11-10 10:00:00,1.04
2025-11-10 11:00:00,0.71
2025-11-10 12:00:00,0.44
2025-11-10 13:00:00,0.24
2025-11-10 14:00:00,0.09
2025-11-10 15:00:00,-0.07
2025-11-10 16:00:00,-0.11
2025-11-10 17:00:00,-0.11
2025-11-10 18:00:00,-0.05
2025-11-10 19:00:00,0.12
2025-11-10 20:00:00,0.26
2025-11-10 21:00:00,0.45
2025-11-10 22:00:00,0.62
2025-11-10 23:00:00,0.81
2025-11-11 00:00:00,0.98
2025-11-11 01:00:00,1.16
2025-11-11 02:00:00,1.3
2025-11-11 03:00:00,1.39
2025-11-11 04:00:00,1.27
2025-11-11 05:00:00,1.27
2025-11-11 06:00:00,1.21
2025-11-11 07:00:00,1.14
2025-11-11 08:00:00,0.99
2025-11-11 09:00:00,0.81
2025-11-11 10:00:00,0.62
2025-11-11 11:00:00,0.4
2025-11-11 12:00:00,0.23
2025-11-11 13:00:00,0.09
2025-11-11 14:00:00,-0.08
2025-11-11 15:00:00,-0.17
2025-11-11 16:00:00,-0.25
2025-11-11 17:00:00,-0.23
2025-11-11 18:00:00,-0.18
2025-11-11 19:00:00,-0.05
2025-11-11 20:00:00,0.05
2025-11-11 21:00:00,0.22
2025-11-11 22:00:00,0.36
2025-11-11 23:00:00,0.55
2025-11-12 00:00:00,0.74
2025-11-12 01:00:00,0.88
2025-11-12 02:00:00,0.96
2025-11-12 03:00:00,1.0
2025-11-12 04:00:00,1.08
2025-11-12 05:00:00,1.02
2025-11-12 06:00:00,0.98
2025-11-12 07:00:00,0.91
2025-11-12 08:00:00,0.82
2025-11-12 09:00:00,0.71
2025-11-12 10:00:00,0.59
2025-11-12 11:00:00,0.47
2025-11-12 12:00:00,0.31
2025-11-12 13:00:00,0.24
2025-11-12 14:00:00,0.13
2025-11-12 15:00:00,0.05
2025-11-12 16:00:00,0.02
2025-11-12 17:00:00,-0.04
2025-11-12 18:00:00,-0.01
2025-11-12 19:00:00,0.08
2025-11-12 20:00:00,0.16
2025-11-12 21:00:00,0.29
2025-11-12 22:00:00,0.45
2025-11-12 23:00:00,0.55
2025-11-13 00:00:00,0.65
2025-11-13 01:00:00,0.71
2025-11-13 02:00:00,0.77
2025-11-13 03:00:00,0.84
2025-11-13 04:00:00,0.87
2025-11-13 05:00:00,0.88
2025-11-13 06:00:00,0.84
2025-11-13 07:00:00,0.88
2025-11-13 08:00:00,0.82
2025-11-13 09:00:00,0.79
2025-11-13 10:00:00,0.76
2025-11-13 11:00:00,0.67
2025-11-13 12:00:00,0.65
2025-11-13 13:00:00,0.56
2025-11-13 14:00:00,0.5
2025-11-13 15:00:00,0.47
2025-11-13 16:00:00,0.44
2025-11-13 17:00:00,0.46
2025-11-13 18:00:00,0.44
2025-11-13 19:00:00,0.49
2025-11-13 20:00:00,0.54
2025-11-13 21:00:00,0.63
2025-11-13 22:00:00,0.72
2025-11-13 23:00:00,0.76
2025-11-14 00:00:00,0.74
2025-11-14 01:00:00,0.81
2025-11-14 02:00:00,0.8
2025-11-14 03:00:00,0.79
2025-11-14 04:00:00,0.81
2025-11-14 05:00:00,0.82
2025-11-14 06:00:00,0.76
2025-11-14 07:00:00,0.78
2025-11-14 08:00:00,0.8
2025-11-14 09:00:00,0.72
2025-11-14 10:00:00,0.74
2025-11-14 11:00:00,0.79
2025-11-14 12:00:00,0.67
2025-11-14 13:00:00,0.76
2025-11-14 14:00:00,0.73
2025-11-14 15:00:00,0.77
2025-11-14 16:00:00,0.75
2025-11-14 17:00:00,0.77
2025-11-14 18:00:00,0.82
2025-11-14 19:00:00,0.83
2025-11-14 20:00:00,0.84
2025-11-14 21:00:00,0.92
2025-11-14 22:00:00,0.92
2025-11-14 23:00:00,1.0
2025-11-15 00:00:00,0.95
2025-11-15 01:00:00,0.89
2025-11-15 02:00:00,0.83
2025-11-15 03:00:00,0.75
2025-11-15 04:00:00,0.69
2025-11-15 05:00:00,0.67
2025-11-15 06:00:00,0.45
2025-11-15 07:00:00,0.57
2025-11-15 08:00:00,0.54
2025-11-15 09:00:00,0.6
2025-11-15 10:00:00,0.65
2025-11-15 11:00:00,0.71
2025-11-15 12:00:00,0.74
2025-11-15 13:00:00,0.8
2025-11-15 14:00:00,0.82
2025-11-15 15:00:00,0.91
2025-11-15 16:00:00,0.99
2025-11-15 17:00:00,1.03
2025-11-15 18:00:00,0.97
2025-11-15 19:00:00,1.11
2025-11-15 20:00:00,1.21
2025-11-15 21:00:00,1.25
2025-11-15 22:00:00,1.3
2025-11-15 23:00:00,1.29
2025-11-16 00:00:00,1.29
2025-11-16 01:00:00,1.19
2025-11-16 02:00:00,1.07
2025-11-16 03:00:00,0.95
2025-11-16 04:00:00,0.85
2025-11-16 05:00:00,0.82
2025-11-16 06:00:00,0.81
2025-11-16 07:00:00,0.74
2025-11-16 08:00:00,0.67
2025-11-16 09:00:00,0.67
2025-11-16 10:00:00,0.75
2025-11-16 11:00:00,0.81
2025-11-16 12:00:00,0.79
2025-11-16 13:00:00,0.93
2025-11-16 14:00:00,1.03
2025-11-16 15:00:00,1.07
2025-11-16 16:00:00,1.12
2025-11-16 17:00:00,1.22
2025-11-16 18:00:00,1.32
2025-11-16 19:00:00,1.42
2025-11-16 20:00:00,1.5
2025-11-16 21:00:00,1.53
2025-11-16 22:00:00,1.53
2025-11-16 23:00:00,1.51
2025-11-17 00:00:00,1.44
2025-11-17 01:00:00,1.38
2025-11-17 02:00:00,1.16
2025-11-17 03:00:00,1.07
2025-11-17 04:00:00,0.92
2025-11-17 05:00:00,0.77
2025-11-17 06:00:00,0.65
2025-11-17 07:00:00,0.6
2025-11-17 08:00:00,0.54
2025-11-17 09:00:00,0.52
2025-11-17 10:00:00,0.58
2025-11-17 11:00:00,0.66
2025-11-17 12:00:00,0.75
2025-11-17 13:00:00,0.89
2025-11-17 14:00:00,1.02
2025-11-17 15:00:00,1.12
2025-11-17 16:00:00,1.25
2025-11-17 17:00:00,1.39
2025-11-17 18:00:00,1.51
2025-11-17 19:00:00,1.61
2025-11-17 20:00:00,1.7
2025-11-17 21:00:00,1.77
2025-11-17 22:00:00,1.83
2025-11-17 23:00:00,1.75
2025-11-18 00:00:00,1.72
2025-11-18 01:00:00,1.63
2025-11-18 02:00:00,1.46
2025-11-18 03:00:00,1.31
2025-11-18 04:00:00,1.14
2025-11-18 05:00:00,0.95
2025-11-18 06:00:00,0.77
2025-11-18 07:00:00,0.63
2025-11-18 08:00:00,0.52
2025-11-18 09:00:00,0.45
2025-11-18 10:00:00,0.45
2025-11-18 11:00:00,0.49
2025-11-18 12:00:00,0.56
2025-11-18 13:00:00,0.71
2025-11-18 14:00:00,0.81
2025-11-18 15:00:00,0.93
2025-11-18 16:00:00,1.03
2025-11-18 17:00:00,1.21
2025-11-18 18:00:00,1.34
2025-11-18 19:00:00,1.45
2025-11-18 20:00:00,1.6
2025-11-18 21:00:00,1.67
2025-11-18 22:00:00,1.76
2025-11-18 23:00:00,1.78
2025-11-19 00:00:00,1.73
2026-01-18 00:00:00,1.76
2026-01-18 01:00:00,1.66
2026-01-18 02:00:00,1.59
2026-01-18 03:00:00,1.44
2026-01-18 04:00:00,1.15
2026-01-18 05:00:00,0.83
2026-01-18 06:00:00,0.59
2026-01-18 07:00:00,0.42
2026-01-18 08:00:00,0.25
2026-01-18 09:00:00,0.1
2026-01-18 10:00:00,-0.1
2026-01-18 11:00:00,-0.27
2026-01-18 12:00:00,-0.33
2026-01-18 13:00:00,-0.33
2026-01-18 14:00:00,-0.25
2026-01-18 15:00:00,-0.04
2026-01-18 16:00:00,0.21
2026-01-18 17:00:00,0.43
2026-01-18 18:00:00,0.61
2026-01-18 19:00:00,0.77
2026-01-18 20:00:00,0.99
2026-01-18 21:00:00,1.14
2026-01-18 22:00:00,1.35
2026-01-18 23:00:00,1.42
2026-01-19 00:00:00,1.47
2026-01-19 01:00:00,1.37
2026-01-19 02:00:00,1.23
2026-01-19 03:00:00,1.13
2026-01-19 04:00:00,0.97
2026-01-19 05:00:00,0.59
2026-01-19 06:00:00,0.47
2026-01-19 07:00:00,0.17
2026-01-19 08:00:00,0.0
2026-01-19 09:00:00,-0.19
2026-01-19 10:00:00,-0.35
2026-01-19 11:00:00,-0.42
2026-01-19 12:00:00,-0.5
2026-01-19 13:00:00,-0.51
2026-01-19 14:00:00,-0.53
2026-01-19 15:00:00,-0.38
2026-01-19 16:00:00,-0.21
2026-01-19 17:00:00,-0.03
2026-01-19 18:00:00,0.12
2026-01-19 19:00:00,0.35
2026-01-19 20:00:00,0.5
2026-01-19 21:00:00,0.73
2026-01-19 22:00:00,0.9
2026-01-19 23:00:00,1.0
2026-01-20 00:00:00,1.1
2026-01-20 01:00:00,1.12
2026-01-20 02:00:00,1.1
2026-01-20 03:00:00,0.97
2026-01-20 04:00:00,0.8
2026-01-20 05:00:00,0.7
2026-01-20 06:00:00,0.4
2026-01-20 07:00:00,0.25
2026-01-20 08:00:00,0.1
2026-01-20 09:00:00,-0.12
2026-01-20 10:00:00,-0.19
2026-01-20 11:00:00,-0.32
2026-01-20 12:00:00,-0.4
2026-01-20 13:00:00,-0.44
2026-01-20 14:00:00,-0.38
2026-01-20 15:00:00,-0.27
2026-01-20 16:00:00,-0.17
2026-01-20 17:00:00,-0.13
2026-01-20 18:00:00,0.05
2026-01-20 19:00:00,0.16
2026-01-20 20:00:00,0.26
2026-01-20 21:00:00,0.41
2026-01-20 22:00:00,0.57
2026-01-20 23:00:00,0.69
2026-01-21 00:00:00,0.85
2026-01-21 01:00:00,0.95
2026-01-21 02:00:00,1.03
2026-01-21 03:00:00,0.98
2026-01-21 04:00:00,0.99
2026-01-21 05:00:00,0.9
2026-01-21 06:00:00,0.75
2026-01-21 07:00:00,0.65
2026-01-21 08:00:00,0.52
2026-01-21 09:00:00,0.42
2026-01-21 10:00:00,0.31
2026-01-21 11:00:00,0.27
2026-01-21 12:00:00,0.26
2026-01-21 13:00:00,0.24
2026-01-21 14:00:00,0.28
2026-01-21 15:00:00,0.37
2026-01-21 16:00:00,0.51
2026-01-21 17:00:00,0.56
2026-01-21 18:00:00,0.64
2026-01-21 19:00:00,0.71
2026-01-21 20:00:00,0.79
2026-01-21 21:00:00,0.89
2026-01-21 22:00:00,0.92
2026-01-21 23:00:00,1.02
2026-01-22 00:00:00,1.08
2026-01-22 01:00:00,1.13
2026-01-22 02:00:00,1.11
2026-01-22 03:00:00,1.1
2026-01-22 04:00:00,1.0
2026-01-22 05:00:00,0.93
2026-01-22 06:00:00,0.81
2026-01-22 07:00:00,0.65
2026-01-22 08:00:00,0.5
2026-01-22 09:00:00,0.42
2026-01-22 10:00:00,0.32
2026-01-22 11:00:00,0.25
2026-01-22 12:00:00,0.21
2026-01-22 13:00:00,0.18
2026-01-22 14:00:00,0.15
2026-01-22 15:00:00,0.28
2026-01-22 16:00:00,0.38
2026-01-22 17:00:00,0.47
2026-01-22 18:00:00,0.56
2026-01-22 19:00:00,0.62
2026-01-22 20:00:00,0.7
2026-01-22 21:00:00,0.81
2026-01-22 22:00:00,0.88
2026-01-22 23:00:00,0.99
2026-01-23 00:00:00,1.0
2026-01-23 01:00:00,1.07
2026-01-23 02:00:00,1.07
2026-01-23 03:00:00,1.1
2026-01-23 04:00:00,1.17
2026-01-23 05:00:00,1.18
2026-01-23 06:00:00,1.13
2026-01-23 07:00:00,1.01
2026-01-23 08:00:00,0.93
2026-01-23 09:00:00,0.87
2026-01-23 10:00:00,0.79
2026-01-23 11:00:00,0.75
2026-01-23 12:00:00,0.68
2026-01-23 13:00:00,0.69
2026-01-23 14:00:00,0.68
2026-01-23 15:00:00,0.72
2026-01-23 16:00:00,0.78
2026-01-23 17:00:00,0.84
2026-01-23 18:00:00,0.88
2026-01-23 19:00:00,0.89
2026-01-23 20:00:00,0.85
2026-01-23 21:00:00,0.82
2026-01-23 22:00:00,0.8
2026-01-23 23:00:00,0.84
2026-01-24 00:00:00,0.92
2026-01-24 01:00:00,0.99
2026-01-24 02:00:00,1.1
2026-01-24 03:00:00,1.17
2026-01-24 04:00:00,1.08
2026-01-24 05:00:00,1.08
2026-01-24 06:00:00,1.18
2026-01-24 07:00:00,1.09
2026-01-24 08:00:00,1.13
2026-01-24 09:00:00,1.07
2026-01-24 10:00:00,1.08
2026-01-24 11:00:00,1.05
2026-01-24 12:00:00,1.08
2026-01-24 13:00:00,1.08
2026-01-24 14:00:00,1.15
2026-01-24 15:00:00,1.19
2026-01-24 16:00:00,1.3
2026-01-24 17:00:00,1.34
2026-01-24 18:00:00,1.47
2026-01-24 19:00:00,1.33
2026-01-24 20:00:00,1.33
2026-01-24 21:00:00,1.27
2026-01-24 22:00:00,1.21
2026-01-24 23:00:00,1.13
2026-01-25 00:00:00,1.01
2026-01-25 01:00:00,0.94
2026-01-25 02:00:00,0.9
2026-01-25 03:00:00,0.88
2026-01-25 04:00:00,0.87
2026-01-25 05:00:00,0.83
2026-01-25 06:00:00,0.83
2026-01-25 07:00:00,0.85
2026-01-25 08:00:00,0.9
2026-01-25 09:00:00,0.92
2026-01-25 10:00:00,1.19
2026-01-25 11:00:00,1.23
2026-01-25 12:00:00,1.28
2026-01-25 13:00:00,1.44
2026-01-25 14:00:00,1.57
2026-01-25 15:00:00,1.48
2026-01-25 16:00:00,1.27
2026-01-25 17:00:00,1.29
2026-01-25 18:00:00,1.45
2026-01-25 19:00:00,1.33
2026-01-25 20:00:00,1.12
2026-01-25 21:00:00,1.16
2026-01-25 22:00:00,1.07
2026-01-25 23:00:00,0.89
2026-01-26 00:00:00,0.79
2026-01-26 01:00:00,0.7
2026-01-26 02:00:00,0.56
2026-01-26 03:00:00,0.46
2026-01-26 04:00:00,0.29
2026-01-26 05:00:00,0.32
2026-01-26 06:00:00,0.3
2026-01-26 07:00:00,0.31
2026-01-26 08:00:00,0.35
2026-01-26 09:00:00,0.38
2026-01-26 10:00:00,0.45
2026-01-26 11:00:00,0.68
2026-01-26 12:00:00,0.8
2026-01-26 13:00:00,0.91
2026-01-26 14:00:00,1.02
2026-01-26 15:00:00,1.03
2026-01-26 16:00:00,1.13
2026-01-26 17:00:00,1.15
2026-01-26 18:00:00,1.12
2026-01-26 19:00:00,1.15
2026-01-26 20:00:00,1.13
2026-01-26 21:00:00,1.05
2026-01-26 22:00:00,0.88
2026-01-26 23:00:00,0.65
2026-01-27 00:00:00,0.46
2026-01-27 01:00:00,0.3
2026-01-27 02:00:00,0.2
2026-01-27 03:00:00,0.01
2026-01-27 04:00:00,-0.07
2026-01-27 05:00:00,-0.25
2026-01-27 06:00:00,-0.36
2026-01-27 07:00:00,-0.36
2026-01-27 08:00:00,-0.34
2026-01-27 09:00:00,-0.26
2026-01-27 10:00:00,-0.17
2026-01-27 11:00:00,-0.03
2026-01-27 12:00:00,0.18
2026-01-27 13:00:00,0.36
2026-01-27 14:00:00,0.57
2026-01-27 15:00:00,0.73
2026-01-27 16:00:00,0.89
2026-01-27 17:00:00,1.03
2026-01-27 18:00:00,1.09
2026-01-27 19:00:00,1.11
2026-01-27 20:00:00,1.12
2026-01-27 21:00:00,1.07
2026-01-27 22:00:00,0.95
2026-01-27 23:00:00,0.81
2026-01-28 00:00:00,0.63
2026-01-28 01:00:00,0.47
2026-01-28 02:00:00,0.26
2026-01-28 03:00:00,0.07
2026-01-28 04:00:00,-0.09
2026-01-28 05:00:00,-0.2
2026-01-28 06:00:00,-0.3
2026-01-28 07:00:00,-0.35
2026-01-28 08:00:00,-0.4
2026-01-28 09:00:00,-0.37
2026-01-28 10:00:00,-0.31
2026-01-28 11:00:00,-0.14
2026-01-28 12:00:00,0.05
2026-01-28 13:00:00,0.23
2026-01-28 14:00:00,0.45
2026-01-28 15:00:00,0.64
2026-01-28 16:00:00,0.81
2026-01-28 17:00:00,0.91
2026-01-28 18:00:00,1.05
2026-01-28 19:00:00,1.1
2026-01-28 20:00:00,1.13
2026-01-28 21:00:00,1.1
2026-01-28 22:00:00,1.0
2026-01-28 23:00:00,0.95
2026-01-29 00:00:00,0.74
2026-01-29 01:00:00,0.56
2026-01-29 02:00:00,0.36
2026-01-29 03:00:00,0.01
2026-01-29 04:00:00,-0.03
2026-01-29 05:00:00,-0.21
2026-01-29 06:00:00,-0.32
2026-01-29 07:00:00,-0.43
2026-01-29 08:00:00,-0.52
2026-01-29 09:00:00,-0.53
2026-01-29 10:00:00,-0.43
2026-01-29 11:00:00,-0.31
2026-01-29 12:00:00,-0.1
2026-01-29 13:00:00,0.15
2026-01-29 14:00:00,0.41
2026-01-29 15:00:00,0.65
2026-01-29 16:00:00,0.92
2026-01-29 17:00:00,1.17
2026-01-29 18:00:00,1.35
2026-01-29 19:00:00,1.49
2026-01-29 20:00:00,1.61
2026-01-29 21:00:00,1.67
2026-01-29 22:00:00,1.67
2026-01-29 23:00:00,1.61
2026-01-30 00:00:00,1.45
2026-01-30 01:00:00,1.28
2026-01-30 02:00:00,1.11
2026-01-30 03:00:00,0.88
2026-01-30 04:00:00,0.63
2026-01-30 05:00:00,0.4
2026-01-30 06:00:00,0.17
2026-01-30 07:00:00,-0.01
2026-01-30 08:00:00,-0.14
2026-01-30 09:00:00,-0.24
2026-01-30 10:00:00,-0.27
2026-01-30 11:00:00,-0.24
2026-01-30 12:00:00,-0.15
2026-01-30 13:00:00,0.07
2026-01-30 14:00:00,0.26
2026-01-30 15:00:00,0.5
2026-01-30 16:00:00,0.69
2026-01-30 17:00:00,0.84
2026-01-30 18:00:00,1.13
2026-01-30 19:00:00,1.33
2026-01-30 20:00:00,1.52
2026-01-30 21:00:00,1.61
2026-01-30 22:00:00,1.66
2026-01-30 23:00:00,1.66
2026-01-31 00:00:00,1.78
2026-01-31 01:00:00,1.65
2026-01-31 02:00:00,1.45
2026-01-31 03:00:00,1.21
2026-01-31 04:00:00,0.93
2026-01-31 05:00:00,0.65
2026-01-31 06:00:00,0.38
2026-01-31 07:00:00,0.17
2026-01-31 08:00:00,-0.01
2026-01-31 09:00:00,-0.04
2026-01-31 10:00:00,-0.13
2026-01-31 11:00:00,-0.18
2026-01-31 12:00:00,-0.33
2026-01-31 13:00:00,-0.42
2026-01-31 14:00:00,-0.36
2026-01-31 15:00:00,-0.34
2026-01-31 16:00:00,-0.25
2026-01-31 17:00:00,-0.1
2026-01-31 18:00:00,0.07
2026-01-31 19:00:00,0.3
2026-01-31 20:00:00,0.5
2026-01-31 21:00:00,0.72
2026-01-31 22:00:00,0.84
2026-01-31 23:00:00,0.95
2026-02-01 00:00:00,0.95
2026-02-01 01:00:00,0.77
2026-02-01 02:00:00,0.77
2026-02-01 03:00:00,0.62
2026-02-01 04:00:00,0.43
2026-02-01 05:00:00,0.22
2026-02-01 06:00:00,0.01
2026-02-01 07:00:00,-0.21
2026-02-01 08:00:00,-0.39
2026-02-01 09:00:00,-0.54
2026-02-01 10:00:00,-0.65
2026-02-01 11:00:00,-0.73
2026-02-01 12:00:00,-0.79
2026-02-01 13:00:00,-0.75
2026-02-01 14:00:00,-0.69
2026-02-01 15:00:00,-0.58
2026-02-01 16:00:00,-0.43
2026-02-01 17:00:00,-0.21
2026-02-01 18:00:00,0.01
2026-02-01 19:00:00,0.16
2026-02-01 20:00:00,0.35
2026-02-01 21:00:00,0.55
2026-02-01 22:00:00,0.74
2026-02-01 23:00:00,0.78
2026-02-02 00:00:00,0.78
2026-02-02 01:00:00,0.8
2026-02-02 02:00:00,0.75
2026-02-02 03:00:00,0.64
2026-02-02 04:00:00,0.43
2026-02-02 05:00:00,0.22
2026-02-02 06:00:00,0.06
2026-02-02 07:00:00,-0.11
2026-02-02 08:00:00,-0.29
2026-02-02 09:00:00,-0.41
2026-02-02 10:00:00,-0.55
2026-02-02 11:00:00,-0.61
2026-02-02 12:00:00,-0.71
2026-02-02 13:00:00,-0.71
2026-02-02 14:00:00,-0.63
2026-02-02 15:00:00,-0.58
2026-02-02 16:00:00,-0.51
2026-02-02 17:00:00,-0.37
2026-02-02 18:00:00,-0.34
2026-02-02 19:00:00,-0.07
2026-02-02 20:00:00,0.07
2026-02-02 21:00:00,0.24
2026-02-02 22:00:00,0.44
2026-02-02 23:00:00,0.56
2026-02-03 00:00:00,0.65
2026-02-03 01:00:00,0.66
2026-02-03 02:00:00,0.69
2026-02-03 03:00:00,0.69
2026-02-03 04:00:00,0.61
2026-02-03 05:00:00,0.43
2026-02-03 06:00:00,0.33
2026-02-03 07:00:00,0.23
2026-02-03 08:00:00,0.1
2026-02-03 09:00:00,-0.03
2026-02-03 10:00:00,-0.12
2026-02-03 11:00:00,-0.29
2026-02-03 12:00:00,-0.15
2026-02-03 13:00:00,-0.12
2026-02-03 14:00:00,-0.1
2026-02-03 15:00:00,-0.06
2026-02-03 16:00:00,0.13
2026-02-03 17:00:00,0.28
2026-02-03 18:00:00,0.35
2026-02-03 19:00:00,0.4
2026-02-03 20:00:00,0.52
2026-02-03 21:00:00,0.6
2026-02-03 22:00:00,0.7
2026-02-03 23:00:00,0.79
2026-02-04 00:00:00,0.92
2026-02-04 01:00:00,0.8
2026-02-04 02:00:00,0.98
2026-02-04 03:00:00,1.02
2026-02-04 04:00:00,0.97
2026-02-04 05:00:00,0.89
2026-02-04 06:00:00,0.85
2026-02-04 07:00:00,0.79
2026-02-04 08:00:00,0.63
2026-02-04 09:00:00,0.55
2026-02-04 10:00:00,0.53
2026-02-04 11:00:00,0.39
2026-02-04 12:00:00,0.43
2026-02-04 13:00:00,0.45
2026-02-04 14:00:00,0.51
2026-02-04 15:00:00,0.49
2026-02-04 16:00:00,0.49
2026-02-04 17:00:00,0.56
2026-02-04 18:00:00,0.6
2026-02-04 19:00:00,0.61
2026-02-04 20:00:00,0.61
2026-02-04 21:00:00,0.62
2026-02-04 22:00:00,0.7
2026-02-04 23:00:00,0.79
2026-02-05 00:00:00,0.88
2026-02-05 01:00:00,0.93
2026-02-05 02:00:00,0.99
2026-02-05 03:00:00,0.98
2026-02-05 04:00:00,0.84
2026-02-05 05:00:00,0.76
2026-02-05 06:00:00,0.66
2026-02-05 07:00:00,0.58
2026-02-05 08:00:00,0.52
2026-02-05 09:00:00,0.44
2026-02-05 10:00:00,0.42
2026-02-05 11:00:00,0.37
2026-02-05 12:00:00,0.36
2026-02-05 13:00:00,0.32
2026-02-05 14:00:00,0.34
2026-02-05 15:00:00,0.36
2026-02-05 16:00:00,0.39
2026-02-05 17:00:00,0.39
2026-02-05 18:00:00,0.41
2026-02-05 19:00:00,0.36
2026-02-05 20:00:00,0.35
2026-02-05 21:00:00,0.33
2026-02-05 22:00:00,0.25
2026-02-05 23:00:00,0.31
2026-02-06 00:00:00,0.35
2026-02-06 01:00:00,0.36
2026-02-06 02:00:00,0.4
2026-02-06 03:00:00,0.46
2026-02-06 04:00:00,0.49
2026-02-06 05:00:00,0.57
2026-02-06 06:00:00,0.55
2026-02-06 07:00:00,0.57
2026-02-06 08:00:00,0.61
2026-02-06 09:00:00,0.58
2026-02-06 10:00:00,0.63
2026-02-06 11:00:00,0.63
2026-02-06 12:00:00,0.7
2026-02-06 13:00:00,0.76
2026-02-06 14:00:00,0.8
2026-02-06 15:00:00,0.87
2026-02-06 16:00:00,0.87
2026-02-06 17:00:00,0.85
2026-02-06 18:00:00,0.81
2026-02-06 19:00:00,0.8
2026-02-06 20:00:00,0.71
2026-02-06 21:00:00,0.67
2026-02-06 22:00:00,0.62
2026-02-06 23:00:00,0.53
2026-02-07 00:00:00,0.46
2026-02-07 01:00:00,0.41
2026-02-07 02:00:00,0.37
2026-02-07 03:00:00,0.31
2026-02-07 04:00:00,0.27
2026-02-07 05:00:00,0.24
2026-02-07 06:00:00,0.26
2026-02-07 07:00:00,0.22
2026-02-07 08:00:00,0.21
2026-02-07 09:00:00,0.29
2026-02-07 10:00:00,0.33
2026-02-07 11:00:00,0.49
2026-02-07 12:00:00,0.58
2026-02-07 13:00:00,0.73
2026-02-07 14:00:00,0.83
2026-02-07 15:00:00,1.01
2026-02-07 16:00:00,0.97
2026-02-07 17:00:00,0.96
2026-02-07 18:00:00,0.84
2026-02-07 19:00:00,0.84
2026-02-07 20:00:00,0.79
2026-02-07 21:00:00,0.72
2026-02-07 22:00:00,0.65
2026-02-07 23:00:00,0.59
2026-02-08 00:00:00,0.5
2026-02-08 01:00:00,0.43
2026-02-08 02:00:00,0.43
2026-02-08 03:00:00,0.35
2026-02-08 04:00:00,0.34
2026-02-08 05:00:00,0.4
2026-02-08 06:00:00,0.43
2026-02-08 07:00:00,0.5
2026-02-08 08:00:00,0.57
2026-02-08 09:00:00,0.67
2026-02-08 10:00:00,0.74
2026-02-08 11:00:00,0.87
2026-02-08 12:00:00,1.01
2026-02-08 13:00:00,1.17
2026-02-08 14:00:00,1.22
2026-02-08 15:00:00,1.31
2026-02-08 16:00:00,1.35
2026-02-08 17:00:00,1.37
2026-02-08 18:00:00,1.36
2026-02-08 19:00:00,1.3
2026-02-08 20:00:00,1.24
2026-02-08 21:00:00,1.11
2026-02-08 22:00:00,0.98
2026-02-08 23:00:00,0.92
2026-02-09 00:00:00,0.78
2026-02-09 01:00:00,0.63
2026-02-09 02:00:00,0.57
2026-02-09 03:00:00,0.44
2026-02-09 04:00:00,0.38
2026-02-09 05:00:00,0.33
2026-02-09 06:00:00,0.29
2026-02-09 07:00:00,0.31
2026-02-09 08:00:00,0.38
2026-02-09 09:00:00,0.43
2026-02-09 10:00:00,0.54
2026-02-09 11:00:00,0.67
2026-02-09 12:00:00,0.82
2026-02-09 13:00:00,0.95
2026-02-09 14:00:00,1.11
2026-02-09 15:00:00,1.18
2026-02-09 16:00:00,1.21
2026-02-09 17:00:00,1.38
2026-02-09 18:00:00,1.41
2026-02-09 19:00:00,1.45
2026-02-09 20:00:00,1.41
2026-02-09 21:00:00,1.31
2026-02-09 22:00:00,1.26
2026-02-09 23:00:00,1.13
2026-02-10 00:00:00,0.74
2026-02-10 01:00:00,0.9
2026-02-10 02:00:00,0.76
2026-02-10 03:00:00,0.66
2026-02-10 04:00:00,0.57
2026-02-10 05:00:00,0.51
2026-02-10 06:00:00,0.45
2026-02-10 07:00:00,0.44
2026-02-10 08:00:00,0.46
2026-02-10 09:00:00,0.52
2026-02-10 10:00:00,0.64
2026-02-10 11:00:00,0.76
2026-02-10 12:00:00,0.93
2026-02-10 13:00:00,1.03
2026-02-10 14:00:00,1.19
2026-02-10 15:00:00,1.13
2026-02-10 16:00:00,1.46
2026-02-10 17:00:00,1.54
2026-02-10 18:00:00,1.6
2026-02-10 19:00:00,1.62
2026-02-10 20:00:00,1.59
2026-02-10 21:00:00,1.44
2026-02-10 22:00:00,1.44
2026-02-10 23:00:00,1.35
2026-02-11 00:00:00,1.2
2026-02-11 01:00:00,1.04
2026-02-11 02:00:00,0.88
2026-02-11 03:00:00,0.77
2026-02-11 04:00:00,0.63
2026-02-11 05:00:00,0.55
2026-02-11 06:00:00,0.46
2026-02-11 07:00:00,0.41
2026-02-11 08:00:00,0.39
2026-02-11 09:00:00,0.53
2026-02-11 10:00:00,0.64
2026-02-11 11:00:00,0.71
2026-02-11 12:00:00,0.89
2026-02-11 13:00:00,1.04
2026-02-11 14:00:00,1.13
2026-02-11 15:00:00,1.3
2026-02-11 16:00:00,1.55
2026-02-11 17:00:00,1.61
2026-02-11 18:00:00,1.65
2026-02-11 19:00:00,1.65
2026-02-11 20:00:00,1.67
2026-02-11 21:00:00,1.63
2026-02-11 22:00:00,1.55
2026-02-11 23:00:00,1.47
2026-02-12 00:00:00,1.36
2026-02-12 01:00:00,1.16
2026-02-12 02:00:00,0.99
2026-02-12 03:00:00,0.85
2026-02-12 04:00:00,0.7
2026-02-12 05:00:00,0.54
2026-02-12 06:00:00,0.42
2026-02-12 07:00:00,0.33
2026-02-12 08:00:00,0.31
2026-02-12 09:00:00,0.39
2026-02-12 10:00:00,0.45
2026-02-12 11:00:00,0.6
2026-02-12 12:00:00,0.71
2026-02-12 13:00:00,0.95
2026-02-12 14:00:00,1.15
2026-02-12 15:00:00,1.3
2026-02-12 16:00:00,1.5
2026-02-12 17:00:00,1.64
2026-02-12 18:00:00,1.74
2026-02-12 19:00:00,1.82
2026-02-12 20:00:00,1.84
2026-02-12 21:00:00,1.81
2026-02-12 22:00:00,1.82
2026-02-12 23:00:00,1.75
2026-02-13 00:00:00,1.63
2026-02-13 01:00:00,1.48
2026-02-13 02:00:00,1.32
2026-02-13 03:00:00,1.13
2026-02-13 04:00:00,0.94
2026-02-13 05:00:00,0.77
2026-02-13 06:00:00,0.62
2026-02-13 07:00:00,0.48
2026-02-13 08:00:00,0.41
2026-02-13 09:00:00,0.35
2026-02-13 10:00:00,0.34
2026-02-13 11:00:00,0.49
2026-02-13 12:00:00,0.56
2026-02-13 13:00:00,0.73
2026-02-13 14:00:00,0.76
2026-02-13 15:00:00,1.07
2026-02-13 16:00:00,1.22
2026-02-13 17:00:00,1.36
2026-02-13 18:00:00,1.49
2026-02-13 19:00:00,1.6
2026-02-13 20:00:00,1.67
2026-02-13 21:00:00,1.72
2026-02-13 22:00:00,1.74
2026-02-13 23:00:00,1.7
2026-02-14 00:00:00,1.6
2026-02-14 01:00:00,1.49
2026-02-14 02:00:00,1.34
2026-02-14 03:00:00,1.17
2026-02-14 04:00:00,0.98
2026-02-14 05:00:00,0.79
2026-02-14 06:00:00,0.63
2026-02-14 07:00:00,0.49
2026-02-14 08:00:00,0.4
2026-02-14 09:00:00,0.34
2026-02-14 10:00:00,0.32
2026-02-14 11:00:00,0.4
2026-02-14 12:00:00,0.49
2026-02-14 13:00:00,0.68
2026-02-14 14:00:00,0.91
2026-02-14 15:00:00,1.19
2026-02-14 16:00:00,1.33
2026-02-14 17:00:00,1.5
2026-02-14 18:00:00,1.66
2026-02-14 19:00:00,1.79
2026-02-14 20:00:00,1.89
2026-02-14 21:00:00,1.98
2026-02-14 22:00:00,2.01
2026-02-14 23:00:00,2.01
2026-02-15 00:00:00,1.95
2026-02-15 01:00:00,1.85
2026-02-15 02:00:00,1.71
2026-02-15 03:00:00,1.73
2026-02-15 04:00:00,1.43
2026-02-15 05:00:00,1.17
2026-02-15 06:00:00,1.02
2026-02-15 07:00:00,1.01
2026-02-15 08:00:00,0.91
2026-02-15 09:00:00,0.68
2026-02-15 10:00:00,0.6
2026-02-15 11:00:00,0.69
2026-02-15 12:00:00,0.62
2026-02-15 13:00:00,0.75
2026-02-15 14:00:00,0.93
2026-02-15 15:00:00,1.03
2026-02-15 16:00:00,1.1
2026-02-15 17:00:00,1.28
2026-02-15 18:00:00,1.36
2026-02-15 19:00:00,1.5
2026-02-15 20:00:00,1.7
2026-02-15 21:00:00,1.69
2026-02-15 22:00:00,1.73
2026-02-15 23:00:00,1.69
2026-02-16 00:00:00,1.69
2026-02-16 01:00:00,1.63
2026-02-16 02:00:00,1.5
2026-02-16 03:00:00,1.38
2026-02-16 04:00:00,1.22
2026-02-16 05:00:00,1.01
2026-02-16 06:00:00,0.83
2026-02-16 07:00:00,0.66
2026-02-16 08:00:00,0.53
2026-02-16 09:00:00,0.43
2026-02-16 10:00:00,0.36
2026-02-16 11:00:00,0.37
2026-02-16 12:00:00,0.43
2026-02-16 13:00:00,0.53
2026-02-16 14:00:00,0.61
2026-02-16 15:00:00,0.74
2026-02-16 16:00:00,0.88
2026-02-16 17:00:00,1.01
2026-02-16 18:00:00,1.16
2026-02-16 19:00:00,1.31
2026-02-16 20:00:00,1.41
2026-02-16 21:00:00,1.53
2026-02-16 22:00:00,1.68
2026-02-16 23:00:00,1.78
2026-02-17 00:00:00,1.79
2026-04-18 00:00:00,-9999.0
2026-04-18 01:00:00,-9999.0
2026-04-18 02:00:00,-9999.0
2026-04-18 03:00:00,-9999.0
2026-04-18 04:00:00,-9999.0
2026-04-18 05:00:00,-9999.0
2026-04-18 06:00:00,-9999.0
2026-04-18 07:00:00,-9999.0
2026-04-18 08:00:00,-9999.0
2026-04-18 09:00:00,-9999.0
2026-04-18 10:00:00,-9999.0
2026-04-18 11:00:00,-9999.0
2026-04-18 12:00:00,-9999.0
2026-04-18 13:00:00,-9999.0
2026-04-18 14:00:00,-9999.0
2026-04-18 15:00:00,-9999.0
2026-04-18 16:00:00,-9999.0
2026-04-18 17:00:00,-9999.0
2026-04-18 18:00:00,-9999.0
2026-04-18 19:00:00,-9999.0
2026-04-18 20:00:00,-9999.0
2026-04-18 21:00:00,-9999.0
2026-04-18 22:00:00,-9999.0
2026-04-18 23:00:00,-9999.0
2026-04-19 00:00:00,-9999.0
2026-04-19 01:00:00,-9999.0
2026-04-19 02:00:00,-9999.0
2026-04-19 03:00:00,-9999.0
2026-04-19 04:00:00,-9999.0
2026-04-19 05:00:00,-9999.0
2026-04-19 06:00:00,-9999.0
2026-04-19 07:00:00,-9999.0
2026-04-19 08:00:00,-9999.0
2026-04-19 09:00:00,-9999.0
2026-04-19 10:00:00,-9999.0
2026-04-19 11:00:00,-9999.0
2026-04-19 12:00:00,-9999.0
2026-04-19 13:00:00,-9999.0
2026-04-19 14:00:00,-9999.0
2026-04-19 15:00:00,-9999.0
2026-04-19 16:00:00,-9999.0
2026-04-19 17:00:00,-9999.0
2026-04-19 18:00:00,-9999.0
2026-04-19 19:00:00,-9999.0
2026-04-19 20:00:00,-9999.0
2026-04-19 21:00:00,-9999.0
2026-04-19 22:00:00,-9999.0
2026-04-19 23:00:00,-9999.0
2026-04-20 00:00:00,-9999.0
2026-04-20 01:00:00,-9999.0
2026-04-20 02:00:00,-9999.0
2026-04-20 03:00:00,-9999.0
2026-04-20 04:00:00,-9999.0
2026-04-20 05:00:00,-9999.0
2026-04-20 06:00:00,-9999.0
2026-04-20 07:00:00,-9999.0
2026-04-20 08:00:00,-9999.0
2026-04-20 09:00:00,-9999.0
2026-04-20 10:00:00,-9999.0
2026-04-20 11:00:00,-9999.0
2026-04-20 12:00:00,-9999.0
2026-04-20 13:00:00,-9999.0
2026-04-20 14:00:00,-9999.0
2026-04-20 15:00:00,-9999.0
2026-04-20 16:00:00,-9999.0
2026-04-20 17:00:00,-9999.0
2026-04-20 18:00:00,-9999.0
2026-04-20 19:00:00,-9999.0
2026-04-20 20:00:00,-9999.0
2026-04-20 21:00:00,-9999.0
2026-04-20 22:00:00,-9999.0
2026-04-20 23:00:00,-9999.0
2026-04-21 00:00:00,-9999.0
2026-04-21 01:00:00,-9999.0
2026-04-21 02:00:00,-9999.0
2026-04-21 03:00:00,-9999.0
2026-04-21 04:00:00,-9999.0
2026-04-21 05:00:00,-9999.0
2026-04-21 06:00:00,-9999.0
2026-04-21 07:00:00,-9999.0
2026-04-21 08:00:00,-9999.0
2026-04-21 09:00:00,-9999.0
2026-04-21 10:00:00,-9999.0
2026-04-21 11:00:00,-9999.0
2026-04-21 12:00:00,-9999.0
2026-04-21 13:00:00,-9999.0
2026-04-21 14:00:00,-9999.0
2026-04-21 15:00:00,-9999.0
2026-04-21 16:00:00,-9999.0
2026-04-21 17:00:00,-9999.0
2026-04-21 18:00:00,-9999.0
2026-04-21 19:00:00,-9999.0
2026-04-21 20:00:00,-9999.0
2026-04-21 21:00:00,-9999.0
2026-04-21 22:00:00,-9999.0
2026-04-21 23:00:00,-9999.0
2026-04-22 00:00:00,-9999.0
2026-04-22 01:00:00,-9999.0
2026-04-22 02:00:00,-9999.0
2026-04-22 03:00:00,-9999.0
2026-04-22 04:00:00,-9999.0
2026-04-22 05:00:00,-9999.0
2026-04-22 06:00:00,-9999.0
2026-04-22 07:00:00,-9999.0
2026-04-22 08:00:00,-9999.0
2026-04-22 09:00:00,-9999.0
2026-04-22 10:00:00,-9999.0
2026-04-22 11:00:00,-9999.0
2026-04-22 12:00:00,-9999.0
2026-04-22 13:00:00,-9999.0
2026-04-22 14:00:00,-9999.0
2026-04-22 15:00:00,-9999.0
2026-04-22 16:00:00,-9999.0
2026-04-22 17:00:00,-9999.0
2026-04-22 18:00:00,-9999.0
2026-04-22 19:00:00,-9999.0
