DateTime,Value
2023-03-25T00:00:00,50.270
2023-03-25T01:00:00,50.250
2023-03-25T02:00:00,50.200
2023-03-25T03:00:00,50.160
2023-03-25T04:00:00,50.130
2023-03-25T05:00:00,50.110
2023-03-25T06:00:00,50.040
2023-03-25T07:00:00,50.050
2023-03-25T08:00:00,50.040
2023-03-25T09:00:00,49.970
2023-03-25T10:00:00,49.950
2023-03-25T11:00:00,49.920
2023-03-25T12:00:00,49.870
2023-03-25T13:00:00,49.810
2023-03-25T14:00:00,49.800
2023-03-25T15:00:00,49.760
2023-03-25T16:00:00,49.680
2023-03-25T17:00:00,49.660
2023-03-25T18:00:00,49.620
2023-03-25T19:00:00,49.620
2023-03-25T20:00:00,49.570
2023-03-25T21:00:00,49.470
2023-03-25T22:00:00,49.420
2023-03-25T23:00:00,49.360
2023-03-26T00:00:00,49.310
2023-03-26T01:00:00,49.280
2023-03-26T02:00:00,49.280
2023-03-26T03:00:00,49.240
2023-03-26T04:00:00,49.140
2023-03-26T05:00:00,49.160
2023-03-26T06:00:00,49.110
2023-03-26T07:00:00,49.020
2023-03-26T08:00:00,49.010
2023-03-26T09:00:00,48.920
2023-03-26T10:00:00,48.900
2023-03-26T11:00:00,48.870
2023-03-26T12:00:00,48.880
2023-03-26T13:00:00,48.790
2023-03-26T14:00:00,48.770
2023-03-26T15:00:00,48.750
2023-03-26T16:00:00,48.710
2023-03-26T17:00:00,48.680
2023-03-26T18:00:00,48.640
2023-03-26T19:00:00,48.630
2023-03-26T20:00:00,48.580
2023-03-26T21:00:00,48.510
2023-03-26T22:00:00,48.430
2023-03-26T23:00:00,48.420
2023-03-27T00:00:00,48.420
2023-03-27T01:00:00,48.350
2023-03-27T02:00:00,48.320
2023-03-27T03:00:00,48.240
2023-03-27T04:00:00,48.230
2023-03-27T05:00:00,48.190
2023-03-27T06:00:00,48.170
2023-03-27T07:00:00,48.120
2023-03-27T08:00:00,48.090
2023-03-27T09:00:00,48.040
2023-03-27T10:00:00,48.040
2023-03-27T11:00:00,47.960
2023-03-27T12:00:00,47.930
2023-03-27T13:00:00,47.920
2023-03-27T14:00:00,47.880
2023-03-27T15:00:00,47.840
2023-03-27T16:00:00,47.830
2023-03-27T17:00:00,47.800
2023-03-27T18:00:00,47.770
2023-03-27T19:00:00,47.750
2023-03-27T20:00:00,47.710
2023-03-27T21:00:00,47.710
2023-03-27T22:00:00,47.620
2023-03-27T23:00:00,47.610
2023-03-28T00:00:00,47.580
2023-03-28T01:00:00,47.540
2023-03-28T02:00:00,47.520
2023-03-28T03:00:00,47.490
2023-03-28T04:00:00,47.490
2023-03-28T05:00:00,47.430
2023-03-28T06:00:00,47.390
2023-03-28T07:00:00,47.400
2023-03-28T08:00:00,47.320
2023-03-28T09:00:00,47.370
2023-03-28T10:00:00,47.360
2023-03-28T11:00:00,47.340
2023-03-28T12:00:00,47.330
2023-03-28T13:00:00,47.330
2023-03-28T14:00:00,47.770
2023-03-28T15:00:00,47.290
2023-03-28T16:00:00,47.250
2023-03-28T17:00:00,47.320
2023-03-28T18:00:00,47.550
2023-03-28T19:00:00,47.530
2023-03-28T20:00:00,47.530
2023-03-28T21:00:00,47.510
2023-03-28T22:00:00,47.480
2023-03-28T23:00:00,47.480
2023-03-29T00:00:00,47.430
2023-03-29T01:00:00,47.450
2023-03-29T02:00:00,47.410
2023-03-29T03:00:00,47.430
2023-03-29T04:00:00,47.400
2023-03-29T05:00:00,47.390
2023-03-29T06:00:00,47.370
2023-03-29T07:00:00,47.370
2023-03-29T08:00:00,47.380
2023-03-29T09:00:00,47.360
2023-03-29T10:00:00,47.310
2023-03-29T11:00:00,47.320
2023-03-29T12:00:00,47.320
2023-03-29T13:00:00,47.210
2023-03-29T14:00:00,47.310
2023-03-29T15:00:00,47.290
2023-03-29T16:00:00,47.290
2023-03-29T17:00:00,47.240
2023-03-29T18:00:00,47.290
2023-03-29T19:00:00,47.250
2023-03-29T20:00:00,47.230
2023-03-29T21:00:00,47.240
2023-03-29T22:00:00,47.250
2023-03-29T23:00:00,47.230
2023-03-30T00:00:00,47.220
2023-03-30T01:00:00,47.240
2023-03-30T02:00:00,47.240
2023-03-30T03:00:00,47.260
2023-03-30T04:00:00,47.250
2023-03-30T05:00:00,47.250
2023-03-30T06:00:00,47.250
2023-03-30T07:00:00,47.230
2023-03-30T08:00:00,46.880
2023-03-30T09:00:00,46.850
2023-03-30T10:00:00,46.930
2023-03-30T11:00:00,46.910
2023-03-30T12:00:00,46.920
2023-03-30T13:00:00,46.920
2023-03-30T14:00:00,46.920
2023-03-30T15:00:00,46.950
2023-03-30T16:00:00,46.900
2023-03-30T17:00:00,46.950
2023-03-30T18:00:00,46.970
2023-03-30T19:00:00,46.970
2023-03-30T20:00:00,46.930
2023-03-30T21:00:00,46.920
2023-03-30T22:00:00,46.960
2023-03-30T23:00:00,46.930
2023-03-31T00:00:00,46.950
2023-03-31T01:00:00,46.930
2023-03-31T02:00:00,46.970
2023-03-31T03:00:00,46.940
2023-03-31T04:00:00,46.950
2023-03-31T05:00:00,46.990
2023-03-31T06:00:00,46.970
2023-03-31T07:00:00,46.950
2023-03-31T08:00:00,46.990
2023-03-31T09:00:00,46.990
2023-03-31T10:00:00,46.980
2023-03-31T11:00:00,47.020
2023-03-31T12:00:00,47.070
2023-03-31T13:00:00,47.050
2023-03-31T14:00:00,47.080
2023-03-31T15:00:00,47.070
2023-03-31T16:00:00,47.080
2023-03-31T17:00:00,47.100
2023-03-31T18:00:00,47.090
2023-03-31T19:00:00,47.110
2023-03-31T20:00:00,47.140
2023-03-31T21:00:00,47.190
2023-03-31T22:00:00,47.160
2023-03-31T23:00:00,47.230
2023-04-01T00:00:00,47.210
2023-04-01T01:00:00,47.230
2023-04-01T02:00:00,47.250
2023-04-01T03:00:00,47.240
2023-04-01T04:00:00,47.250
2023-04-01T05:00:00,47.300
2023-04-01T06:00:00,47.280
2023-04-01T07:00:00,47.280
2023-04-01T08:00:00,47.340
2023-04-01T09:00:00,47.370
2023-04-01T10:00:00,47.350
2023-04-01T11:00:00,47.350
2023-04-01T12:00:00,47.370
2023-04-01T13:00:00,47.400
2023-04-01T14:00:00,47.390
2023-04-01T15:00:00,47.420
2023-04-01T16:00:00,47.390
2023-04-01T17:00:00,47.420
2023-04-01T18:00:00,47.430
2023-04-01T19:00:00,47.450
2023-04-01T20:00:00,47.490
2023-04-01T21:00:00,47.510
2023-04-01T22:00:00,47.510
2023-04-01T23:00:00,47.530
2023-04-02T00:00:00,47.550
2023-04-02T01:00:00,47.560
2023-04-02T02:00:00,47.560
2023-04-02T03:00:00,47.590
2023-04-02T04:00:00,47.630
2023-04-02T05:00:00,47.640
2023-04-02T06:00:00,47.630
2023-04-02T07:00:00,47.670
2023-04-02T08:00:00,47.710
2023-04-02T09:00:00,47.710
2023-04-02T10:00:00,47.750
2023-04-02T11:00:00,47.780
2023-04-02T12:00:00,47.800
2023-04-02T13:00:00,47.790
2023-04-02T14:00:00,47.820
2023-04-02T15:00:00,47.840
2023-04-02T16:00:00,47.880
2023-04-02T17:00:00,47.880
2023-04-02T18:00:00,47.910
2023-04-02T19:00:00,47.930
2023-04-02T20:00:00,48.000
2023-04-02T21:00:00,47.980
2023-04-02T22:00:00,48.020
2023-04-02T23:00:00,48.020
2023-04-03T00:00:00,48.050
2023-04-03T01:00:00,48.060
2023-04-03T02:00:00,48.120
2023-04-03T03:00:00,48.120
2023-04-03T04:00:00,48.170
2023-04-03T05:00:00,48.170
2023-04-03T06:00:00,48.210
2023-04-03T07:00:00,48.420
2023-04-03T08:00:00,48.450
2023-04-03T09:00:00,48.460
2023-04-03T10:00:00,48.490
2023-04-03T11:00:00,48.510
2023-04-03T12:00:00,48.510
2023-04-03T13:00:00,48.550
2023-04-03T14:00:00,48.490
2023-04-03T15:00:00,48.500
2023-04-03T16:00:00,48.530
2023-04-03T17:00:00,48.580
2023-04-03T18:00:00,48.590
2023-04-03T19:00:00,48.620
2023-04-03T20:00:00,48.640
2023-04-03T21:00:00,48.650
2023-04-03T22:00:00,48.680
2023-04-03T23:00:00,48.680
2023-04-04T00:00:00,48.700
2023-04-04T01:00:00,48.740
2023-04-04T02:00:00,48.740
2023-04-04T03:00:00,48.810
2023-04-04T04:00:00,48.780
2023-04-04T05:00:00,48.850
2023-04-04T06:00:00,48.830
2023-04-04T07:00:00,48.850
2023-04-04T08:00:00,48.890
2023-04-04T09:00:00,48.920
2023-04-04T10:00:00,48.850
2023-04-04T11:00:00,48.950
2023-04-04T12:00:00,48.940
2023-04-04T13:00:00,48.950
2023-04-04T14:00:00,48.990
2023-04-04T15:00:00,48.980
2023-04-04T16:00:00,49.010
2023-04-04T17:00:00,49.020
2023-04-04T18:00:00,49.070
2023-04-04T19:00:00,49.080
2023-04-04T20:00:00,49.070
2023-04-04T21:00:00,49.110
2023-04-04T22:00:00,49.140
2023-04-04T23:00:00,49.170
2023-04-05T00:00:00,49.160
2023-04-05T01:00:00,49.190
2023-04-05T02:00:00,49.170
2023-04-05T03:00:00,49.240
2023-04-05T04:00:00,49.250
2023-04-05T05:00:00,49.260
2023-04-05T06:00:00,49.290
2023-04-05T07:00:00,49.310
2023-04-05T08:00:00,49.320
2023-04-05T09:00:00,49.290
2023-04-05T10:00:00,49.340
2023-04-05T11:00:00,49.340
2023-04-05T12:00:00,49.390
2023-04-05T13:00:00,49.420
2023-04-05T14:00:00,49.410
2023-04-05T15:00:00,49.480
2023-04-05T16:00:00,49.480
2023-04-05T17:00:00,49.510
2023-04-05T18:00:00,49.500
2023-04-05T19:00:00,49.570
2023-04-05T20:00:00,49.570
2023-04-05T21:00:00,49.570
2023-04-05T22:00:00,49.580
2023-04-05T23:00:00,49.600
2023-04-06T00:00:00,49.630
2023-04-06T01:00:00,49.620
2023-04-06T02:00:00,49.670
2023-04-06T03:00:00,49.690
2023-04-06T04:00:00,49.690
2023-04-06T05:00:00,49.710
2023-04-06T06:00:00,49.740
2023-04-06T07:00:00,49.760
2023-04-06T08:00:00,49.780
2023-04-06T09:00:00,49.810
2023-04-06T10:00:00,49.800
2023-04-06T11:00:00,49.860
2023-04-06T12:00:00,49.890
2023-04-06T13:00:00,49.870
2023-04-06T14:00:00,49.900
2023-04-06T15:00:00,49.910
2023-04-06T16:00:00,49.920
2023-04-06T17:00:00,49.940
2023-04-06T18:00:00,49.990
2023-04-06T19:00:00,49.970
2023-04-06T20:00:00,50.000
2023-04-06T21:00:00,50.010
2023-04-06T22:00:00,50.050
2023-04-06T23:00:00,50.040
2023-04-07T00:00:00,50.100
2023-04-07T01:00:00,50.130
2023-04-07T02:00:00,50.210
2023-04-07T03:00:00,50.280
2023-04-07T04:00:00,50.310
2023-04-07T05:00:00,50.360
2023-04-07T06:00:00,50.390
2023-04-07T07:00:00,50.430
2023-04-07T08:00:00,50.420
2023-04-07T09:00:00,50.410
2023-04-07T10:00:00,50.450
2023-04-07T11:00:00,50.490
2023-04-07T12:00:00,50.530
2023-04-07T13:00:00,50.550
2023-04-07T14:00:00,50.590
2023-04-07T15:00:00,50.610
2023-04-07T16:00:00,50.610
2023-04-07T17:00:00,50.650
2023-04-07T18:00:00,50.650
2023-04-07T19:00:00,50.700
2023-04-07T20:00:00,50.710
2023-04-07T21:00:00,50.690
2023-04-07T22:00:00,50.710
2023-04-07T23:00:00,50.730
2023-04-08T00:00:00,50.730
2023-04-08T01:00:00,50.790
2023-04-08T02:00:00,50.840
2023-04-08T03:00:00,50.850
2023-04-08T04:00:00,50.890
2023-04-08T05:00:00,50.890
2023-04-08T06:00:00,50.940
2023-04-08T07:00:00,50.970
2023-04-08T08:00:00,50.980
2023-04-08T09:00:00,51.010
2023-04-08T10:00:00,51.020
2023-04-08T11:00:00,51.010
2023-04-08T12:00:00,51.030
2023-04-08T13:00:00,51.080
2023-04-08T14:00:00,51.100
2023-04-08T15:00:00,51.120
2023-04-08T16:00:00,51.130
2023-04-08T17:00:00,51.170
2023-04-08T18:00:00,51.190
2023-04-08T19:00:00,51.170
2023-04-08T20:00:00,51.210
2023-04-08T21:00:00,51.220
2023-04-08T22:00:00,51.230
2023-04-08T23:00:00,51.250
2023-04-09T00:00:00,51.250
2023-04-09T01:00:00,51.270
2023-04-09T02:00:00,51.320
2023-04-09T03:00:00,51.320
2023-04-09T04:00:00,51.300
2023-04-09T05:00:00,51.320
2023-04-09T06:00:00,51.370
2023-04-09T07:00:00,51.390
2023-04-09T08:00:00,51.380
2023-04-09T09:00:00,51.420
2023-04-09T10:00:00,51.420
2023-04-09T11:00:00,51.420
2023-04-09T12:00:00,51.460
2023-04-09T13:00:00,51.470
2023-04-09T14:00:00,51.460
2023-04-09T15:00:00,51.460
2023-04-09T16:00:00,51.500
2023-04-09T17:00:00,51.490
2023-04-09T18:00:00,51.520
2023-04-09T19:00:00,51.540
2023-04-09T20:00:00,51.560
2023-04-09T21:00:00,51.560
2023-04-09T22:00:00,51.600
2023-04-09T23:00:00,51.590
2023-04-10T00:00:00,51.580
2023-04-10T01:00:00,51.600
2023-04-10T02:00:00,51.620
2023-04-10T03:00:00,51.610
2023-04-10T04:00:00,51.640
2023-04-10T05:00:00,51.630
2023-04-10T06:00:00,51.640
2023-04-10T07:00:00,51.720
2023-04-10T08:00:00,51.720
2023-04-10T09:00:00,51.710
2023-04-10T10:00:00,51.720
2023-04-10T11:00:00,51.750
2023-04-10T12:00:00,51.740
2023-04-10T13:00:00,51.750
2023-04-10T14:00:00,51.770
2023-04-10T15:00:00,51.780
2023-04-10T16:00:00,51.770
2023-04-10T17:00:00,51.810
2023-04-10T18:00:00,51.790
2023-04-10T19:00:00,51.790
2023-04-10T20:00:00,51.820
2023-04-10T21:00:00,51.840
2023-04-10T22:00:00,51.830
2023-04-10T23:00:00,51.800
2023-04-11T00:00:00,51.830
2023-04-11T01:00:00,51.860
2023-04-11T02:00:00,51.850
2023-04-11T03:00:00,51.820
2023-04-11T04:00:00,51.850
2023-04-11T05:00:00,51.840
2023-04-11T06:00:00,51.870
2023-04-11T07:00:00,51.860
2023-04-11T08:00:00,51.860
2023-04-11T09:00:00,51.870
2023-04-11T10:00:00,51.850
2023-04-11T11:00:00,51.870
2023-04-11T12:00:00,51.870
2023-04-11T13:00:00,51.890
2023-04-11T14:00:00,51.880
2023-04-11T15:00:00,51.880
2023-04-11T16:00:00,51.900
2023-04-11T17:00:00,51.880
2023-04-11T18:00:00,51.870
2023-04-11T19:00:00,51.920
2023-04-11T20:00:00,51.910
2023-04-11T21:00:00,51.920
2023-04-11T22:00:00,51.940
2023-04-11T23:00:00,51.930
2023-04-12T00:00:00,51.920
2023-04-12T01:00:00,51.930
2023-04-12T02:00:00,51.910
2023-04-12T03:00:00,51.930
2023-04-12T04:00:00,51.920
2023-04-12T05:00:00,51.930
2023-04-12T06:00:00,51.910
2023-04-12T07:00:00,51.940
2023-04-12T08:00:00,51.940
2023-04-12T09:00:00,51.940
2023-04-12T10:00:00,51.920
2023-04-12T11:00:00,51.930
2023-04-12T12:00:00,51.930
2023-04-12T13:00:00,51.920
2023-04-12T14:00:00,51.920
2023-04-12T15:00:00,51.940
2023-04-12T16:00:00,51.930
2023-04-12T17:00:00,51.910
2023-04-12T18:00:00,51.930
2023-04-12T19:00:00,51.890
2023-04-12T20:00:00,51.930
2023-04-12T21:00:00,51.900
2023-04-12T22:00:00,51.920
2023-04-12T23:00:00,51.920
2023-04-13T00:00:00,51.940
2023-04-13T01:00:00,51.920
2023-04-13T02:00:00,51.910
2023-04-13T03:00:00,51.920
2023-04-13T04:00:00,51.920
2023-04-13T05:00:00,51.900
2023-04-13T06:00:00,51.900
2023-04-13T07:00:00,51.900
2023-04-13T08:00:00,51.890
2023-04-13T09:00:00,51.890
2023-04-13T10:00:00,51.880
2023-04-13T11:00:00,51.900
2023-04-13T12:00:00,51.890
2023-04-13T13:00:00,51.910
2023-04-13T14:00:00,51.900
2023-04-13T15:00:00,51.890
2023-04-13T16:00:00,51.910
2023-04-13T17:00:00,51.890
2023-04-13T18:00:00,51.910
2023-04-13T19:00:00,51.910
2023-04-13T20:00:00,51.880
2023-04-13T21:00:00,51.900
2023-04-13T22:00:00,51.910
2023-04-13T23:00:00,51.890
2023-04-14T00:00:00,51.870
2023-04-14T01:00:00,51.880
2023-04-14T02:00:00,51.860
2023-04-14T03:00:00,51.830
2023-04-14T04:00:00,51.850
2023-04-14T05:00:00,51.840
2023-04-14T06:00:00,51.830
2023-04-14T07:00:00,51.860
2023-04-14T08:00:00,51.800
2023-04-14T09:00:00,51.830
2023-04-14T10:00:00,51.800
2023-04-14T11:00:00,51.800
2023-04-14T12:00:00,51.810
2023-04-14T13:00:00,51.780
2023-04-14T14:00:00,51.770
2023-04-14T15:00:00,51.780
2023-04-14T16:00:00,51.770
2023-04-14T17:00:00,51.760
2023-04-14T18:00:00,51.750
2023-04-14T19:00:00,51.740
2023-04-14T20:00:00,51.740
2023-04-14T21:00:00,51.740
2023-04-14T22:00:00,51.740
2023-04-14T23:00:00,51.730
2023-04-15T00:00:00,51.710
2023-04-15T01:00:00,51.690
2023-04-15T02:00:00,51.690
2023-04-15T03:00:00,51.670
2023-04-15T04:00:00,51.660
2023-04-15T05:00:00,51.670
2023-04-15T06:00:00,51.630
2023-04-15T07:00:00,51.620
2023-04-15T08:00:00,51.620
2023-04-15T09:00:00,51.630
2023-04-15T10:00:00,51.580
2023-04-15T11:00:00,51.570
2023-04-15T12:00:00,51.640
2023-04-15T13:00:00,51.640
2023-04-15T14:00:00,51.650
2023-04-15T15:00:00,51.640
2023-04-15T16:00:00,51.620
2023-04-15T17:00:00,51.600
2023-04-15T18:00:00,51.610
2023-04-15T19:00:00,51.590
2023-04-15T20:00:00,51.550
2023-04-15T21:00:00,51.560
2023-04-15T22:00:00,51.540
2023-04-15T23:00:00,51.540
2023-04-16T00:00:00,51.570
2023-04-16T01:00:00,51.530
2023-04-16T02:00:00,51.500
2023-04-16T03:00:00,51.510
2023-04-16T04:00:00,51.520
2023-04-16T05:00:00,51.470
2023-04-16T06:00:00,51.460
2023-04-16T07:00:00,51.440
2023-04-16T08:00:00,51.430
2023-04-16T09:00:00,51.410
2023-04-16T10:00:00,51.430
2023-04-16T11:00:00,51.400
2023-04-16T12:00:00,51.400
2023-04-16T13:00:00,51.390
2023-04-16T14:00:00,51.360
2023-04-16T15:00:00,51.350
2023-04-16T16:00:00,51.320
2023-04-16T17:00:00,51.320
2023-04-16T18:00:00,51.300
2023-04-16T19:00:00,51.270
2023-04-16T20:00:00,51.280
2023-04-16T21:00:00,51.270
2023-04-16T22:00:00,51.250
2023-04-16T23:00:00,51.240
2023-04-17T00:00:00,51.230
2023-04-17T01:00:00,51.230
2023-04-17T02:00:00,51.210
2023-04-17T03:00:00,51.210
2023-04-17T04:00:00,51.180
2023-04-17T05:00:00,51.180
2023-04-17T06:00:00,51.150
2023-04-17T07:00:00,51.110
2023-04-17T08:00:00,51.130
2023-04-17T09:00:00,51.060
2023-04-17T10:00:00,51.070
2023-04-17T11:00:00,51.030
2023-04-17T12:00:00,51.000
2023-04-17T13:00:00,51.010
2023-04-17T14:00:00,50.980
2023-04-17T15:00:00,50.980
2023-04-17T16:00:00,50.960
2023-04-17T17:00:00,50.940
2023-04-17T18:00:00,50.930
2023-04-17T19:00:00,50.900
2023-04-17T20:00:00,50.900
2023-04-17T21:00:00,50.860
2023-04-17T22:00:00,50.860
2023-04-17T23:00:00,50.850
2023-04-18T00:00:00,50.820
2023-04-18T01:00:00,50.810
2023-04-18T02:00:00,50.790
2023-04-18T03:00:00,50.770
2023-04-18T04:00:00,50.750
2023-04-18T05:00:00,50.720
2023-04-18T06:00:00,50.700
2023-04-18T07:00:00,50.670
2023-04-18T08:00:00,50.660
2023-04-18T09:00:00,50.650
2023-04-18T10:00:00,50.620
2023-04-18T11:00:00,50.600
2023-04-18T12:00:00,50.590
2023-04-18T13:00:00,50.550
2023-04-18T14:00:00,50.530
2023-04-18T15:00:00,50.480
2023-04-18T16:00:00,50.470
2023-04-18T17:00:00,50.450
2023-04-18T18:00:00,50.450
2023-04-18T19:00:00,50.400
2023-04-18T20:00:00,50.370
2023-04-18T21:00:00,50.350
2023-04-18T22:00:00,50.320
2023-04-18T23:00:00,50.300
2023-04-19T00:00:00,50.260
2023-04-19T01:00:00,50.250
2023-04-19T02:00:00,50.220
2023-04-19T03:00:00,50.200
2023-04-19T04:00:00,50.170
2023-04-19T05:00:00,50.130
2023-04-19T06:00:00,50.120
2023-04-19T07:00:00,50.080
2023-04-19T08:00:00,50.030
2023-04-19T09:00:00,50.030
2023-04-19T10:00:00,49.980
2023-04-19T11:00:00,49.940
2023-04-19T12:00:00,49.920
2023-04-19T13:00:00,49.910
2023-04-19T14:00:00,49.860
2023-04-19T15:00:00,49.830
2023-04-19T16:00:00,49.800
2023-04-19T17:00:00,49.760
2023-04-19T18:00:00,49.730
2023-04-19T19:00:00,49.710
2023-04-19T20:00:00,49.670
2023-04-19T21:00:00,49.630
2023-04-19T22:00:00,49.610
2023-04-19T23:00:00,49.570
2023-04-20T00:00:00,49.530
2023-04-20T01:00:00,49.510
2023-04-20T02:00:00,49.470
2023-04-20T03:00:00,49.440
2023-04-20T04:00:00,49.400
2023-04-20T05:00:00,49.380
2023-04-20T06:00:00,49.340
2023-04-20T07:00:00,49.320
2023-04-20T08:00:00,49.270
2023-04-20T09:00:00,49.220
2023-04-20T10:00:00,49.160
2023-04-20T11:00:00,49.160
2023-04-20T12:00:00,49.120
2023-04-20T13:00:00,49.090
2023-04-20T14:00:00,49.070
2023-04-20T15:00:00,49.040
2023-04-20T16:00:00,49.020
2023-04-20T17:00:00,48.970
2023-04-20T18:00:00,48.930
2023-04-20T19:00:00,48.910
2023-04-20T20:00:00,48.860
2023-04-20T21:00:00,48.830
2023-04-20T22:00:00,48.780
2023-04-20T23:00:00,48.740
2023-04-21T00:00:00,48.710
2023-04-21T01:00:00,48.650
2023-04-21T02:00:00,48.640
2023-04-21T03:00:00,48.550
2023-04-21T04:00:00,48.550
2023-04-21T05:00:00,48.520
2023-04-21T06:00:00,48.490
2023-04-21T07:00:00,48.430
2023-04-21T08:00:00,48.380
2023-04-21T09:00:00,48.350
2023-04-21T10:00:00,48.290
2023-04-21T11:00:00,48.250
2023-04-21T12:00:00,48.210
2023-04-21T13:00:00,48.170
2023-04-21T14:00:00,48.190
2023-04-21T15:00:00,48.120
2023-04-21T16:00:00,48.090
2023-04-21T17:00:00,48.050
2023-04-21T18:00:00,48.000
2023-04-21T19:00:00,47.960
2023-04-21T20:00:00,47.950
2023-04-21T21:00:00,47.900
2023-04-21T22:00:00,47.840
2023-04-21T23:00:00,47.800
2023-04-22T00:00:00,47.730
2023-04-22T01:00:00,47.700
2023-04-22T02:00:00,47.660
2023-04-22T03:00:00,47.610
2023-04-22T04:00:00,47.570
2023-04-22T05:00:00,47.510
2023-04-22T06:00:00,47.470
2023-04-22T07:00:00,47.410
2023-04-22T08:00:00,47.380
2023-04-22T09:00:00,47.360
2023-04-22T10:00:00,47.300
2023-04-22T11:00:00,47.260
2023-04-22T12:00:00,47.210
2023-04-22T13:00:00,47.150
2023-04-22T14:00:00,47.090
2023-04-22T15:00:00,47.070
2023-04-22T16:00:00,47.010
2023-04-22T17:00:00,46.960
2023-04-22T18:00:00,46.910
2023-04-22T19:00:00,46.850
2023-04-22T20:00:00,46.830
2023-04-22T21:00:00,46.760
2023-04-22T22:00:00,46.700
2023-04-22T23:00:00,46.670
2023-04-23T00:00:00,46.600
2023-04-23T01:00:00,46.550
2023-04-23T02:00:00,46.530
2023-04-23T03:00:00,46.470
2023-04-23T04:00:00,46.410
2023-04-23T05:00:00,46.370
2023-04-23T06:00:00,46.310
2023-04-23T07:00:00,46.270
2023-04-23T08:00:00,46.220
2023-04-23T09:00:00,46.170
2023-04-23T10:00:00,46.130
2023-04-23T11:00:00,46.070
2023-04-23T12:00:00,46.070
2023-04-23T13:00:00,46.010
2023-04-23T14:00:00,45.990
2023-04-23T15:00:00,45.930
2023-04-23T16:00:00,45.890
2023-04-23T17:00:00,45.840
2023-04-23T18:00:00,45.810
2023-04-23T19:00:00,45.740
2023-04-23T20:00:00,45.710
2023-04-23T21:00:00,45.660
2023-04-23T22:00:00,45.610
2023-04-23T23:00:00,45.540
2023-04-24T00:00:00,45.510
