date,stage_01080,stage_01120,stage_01145,stage_01160,stage_01220,stage_01280,stage_01300,stage_01390,stage_01400,stage_01440,stage_01480,stage_01515,stage_01545,stage_01670
2025-04-23,58.9525,56.3275,47.11166666666667,39.754583333333336,27.42291666666667,18.871249999999996,14.155000000000001,8.079583333333334,6.150833333333334,3.9024999999999994,3.8725,-830.20375,1.5660833333333335,0.22416666666666663
2025-04-24,31.188333333333333,56.92125,47.75125,40.41125,28.017500000000002,19.32708333333333,14.500416666666666,8.284583333333334,6.309166666666666,4.015000000000001,3.8941666666666666,-1664.385,1.6089999999999998,0.21583333333333354
2025-04-25,37.87916666666667,57.40083333333333,48.303333333333335,40.9625,28.520833333333336,19.680416666666666,14.787500000000001,8.39125,6.405,4.053333333333334,3.910416666666667,-831.125,1.5669166666666665,0.1429166666666668
2025-04-26,60.337916666666665,57.867916666666666,48.81125,41.49166666666667,28.989583333333332,19.999583333333334,15.023333333333333,8.51625,6.4975,4.125,3.9741666666666666,-1247.4504166666668,1.6223333333333332,0.20374999999999988
2025-04-27,60.52708333333334,58.1075,49.1275,41.869166666666665,29.357499999999998,20.215416666666666,15.254999999999999,8.588333333333333,6.550833333333333,4.117083333333333,3.92375,-831.12125,1.6015,0.13708333333333345
2025-04-28,60.68375,58.246249999999996,49.27583333333333,41.987500000000004,29.492916666666666,20.281666666666666,15.347083333333334,8.678333333333333,6.609583333333333,4.214583333333334,4.059583333333333,-831.2320833333333,1.7123333333333333,0.2120833333333334
2025-04-29,60.81583333333333,58.3375,49.393750000000004,42.07583333333333,29.56208333333333,20.33958333333333,15.384583333333332,8.709166666666667,6.6175,4.1975,4.040416666666667,2.2395833333333335,1.6844166666666667,0.12125000000000008
2025-04-30,60.830000000000005,58.35541666666667,49.435,42.128750000000004,29.594583333333336,20.379583333333333,15.455000000000002,8.75625,6.66375,4.272500000000001,4.1745833333333335,2.3495833333333334,1.8173333333333335,0.3383333333333334
2025-05-01,60.76916666666667,58.295,49.42416666666667,42.16291666666667,29.617916666666666,20.401666666666664,15.44625,8.768333333333333,6.692083333333333,4.290416666666667,4.154166666666667,2.3541666666666665,1.8073333333333332,0.36083333333333334
2025-05-02,60.669583333333335,58.17166666666667,49.338750000000005,42.0575,29.550833333333333,20.404999999999998,15.427083333333332,8.774583333333334,6.703333333333333,4.300416666666667,4.194583333333333,2.3641666666666667,1.826083333333333,0.3641666666666665
2025-05-03,60.52458333333333,58.04875,49.293749999999996,42.03125,29.588333333333335,20.394583333333333,15.453333333333333,8.820416666666667,6.769166666666667,4.36125,4.245416666666667,2.4454166666666666,1.88525,0.45666666666666655
2025-05-04,60.23875,57.757083333333334,49.07750000000001,41.86958333333333,29.458750000000002,20.344166666666666,15.38625,8.74375,6.683333333333334,4.279166666666667,4.147916666666667,2.32,1.7435833333333333,0.22625000000000006
2025-05-05,59.8025,57.31041666666666,48.67333333333334,41.456250000000004,29.124166666666664,20.143749999999997,15.238333333333333,8.702083333333333,6.650416666666666,4.269583333333333,4.2125,2.3354166666666667,1.7969166666666667,0.32666666666666666
2025-05-06,59.314166666666665,56.76083333333333,48.07375,40.91041666666667,28.64666666666667,19.866249999999997,15.037083333333335,8.61375,6.564583333333332,4.204583333333334,4.07625,2.2695833333333333,1.699833333333333,0.23458333333333337
2025-05-07,59.17208333333333,56.6375,47.86041666666667,40.64833333333333,28.447499999999998,19.752916666666664,14.976666666666667,8.684583333333334,6.662916666666667,4.3758333333333335,4.328333333333333,2.5083333333333333,1.8906666666666667,0.3933333333333333
2025-05-08,58.89958333333333,56.40208333333333,47.6,40.432916666666664,28.220833333333335,19.48083333333333,14.728749999999998,8.476666666666667,6.480833333333333,4.176666666666668,4.123333333333333,2.3291666666666666,1.7348333333333332,0.3570833333333334
2025-05-09,58.423750000000005,55.92583333333333,47.14458333333334,40.01416666666667,27.828333333333337,19.22,14.522083333333335,8.360000000000001,6.404166666666666,4.098750000000001,4.149583333333333,2.3420833333333335,1.7298333333333333,0.3437500000000002
2025-05-10,57.97208333333333,55.43458333333333,46.64958333333333,39.597500000000004,27.511666666666667,18.976666666666667,14.329166666666666,8.305833333333334,6.359166666666667,4.124583333333334,4.16,-414.34999999999997,1.8014999999999999,0.40541666666666676
2025-05-11,57.5225,54.964166666666664,46.044999999999995,38.946666666666665,26.904999999999998,18.60625,14.057916666666667,8.15,6.267916666666667,4.108333333333333,4.19875,2.4041666666666663,1.8165,0.4850000000000001
2025-05-12,57.02875,54.48375,45.4925,38.37875,26.416249999999998,18.217499999999998,13.725416666666668,7.927499999999999,6.082083333333333,3.9287500000000004,4.120833333333334,2.310416666666667,1.7431666666666668,0.4583333333333335
2025-05-13,56.614583333333336,54.08083333333333,45.00541666666666,37.856249999999996,25.935416666666665,17.912499999999998,13.4575,7.767499999999999,5.93,3.822083333333333,3.9775,2.18125,1.5860833333333333,0.3404166666666666
2025-05-14,-781.7333333333333,53.73166666666667,44.57916666666667,37.41708333333333,25.485000000000003,17.568749999999998,13.178333333333335,7.585416666666667,5.794999999999999,3.6879166666666667,3.9033333333333333,-414.59375,1.5165,0.20875
2025-05-15,-782.0074999999999,53.425,44.25625,37.04708333333333,25.137083333333333,17.311249999999998,13.010000000000002,7.487916666666667,5.698333333333333,3.6374999999999997,3.8400000000000003,-4165.02625,1.4614999999999998,0.24
2025-05-16,55.70708333333334,53.13041666666667,43.96208333333333,36.720416666666665,24.863333333333333,17.06583333333333,12.820833333333333,7.361666666666667,5.576666666666667,3.5579166666666664,3.7329166666666667,-9999.0,1.3498333333333332,0.09000000000000008
2025-05-17,-363.51624999999996,52.861666666666665,43.687916666666666,36.455416666666665,24.600416666666668,16.834999999999997,12.619166666666665,7.232083333333333,5.458749999999999,3.49,3.6616666666666666,-9999.0,1.2531666666666665,0.03458333333333341
2025-05-18,55.1775,52.579166666666666,43.39291666666667,36.18125,24.344583333333336,16.610833333333332,12.447916666666668,7.108333333333333,5.355833333333333,3.3829166666666666,3.5620833333333333,-9999.0,1.1735833333333334,-0.057499999999999885
2025-05-19,54.899166666666666,52.30583333333333,43.10375,35.877916666666664,24.071666666666665,16.45375,12.352083333333333,7.100416666666667,5.31,3.3925,3.6258333333333335,-5831.987916666666,1.224,0.016250000000000098
2025-05-20,54.58041666666667,51.974583333333335,42.794999999999995,35.59791666666667,23.814583333333335,16.291666666666664,12.235833333333332,7.0562499999999995,5.299166666666667,3.3754166666666667,3.6254166666666667,-4581.974166666667,1.2206666666666668,0.05541666666666667
2025-05-21,54.230000000000004,51.60541666666667,42.48083333333333,35.3375,23.58875,16.0525,12.01875,6.91125,5.152083333333333,3.2762499999999997,3.5141666666666667,-3748.59625,1.0519166666666666,-0.12125000000000008
2025-05-22,-783.9345833333333,51.21708333333333,42.0775,34.95375,23.199583333333333,15.782083333333334,11.840416666666666,6.852083333333333,5.097916666666666,3.2695833333333333,3.4854166666666666,1.6904166666666667,1.0344166666666668,-0.11458333333333326
2025-05-23,53.690000000000005,51.03,41.84,34.72,23.05,15.67,11.77,6.78,5.1,3.26,3.58,1.74,1.084,0.010000000000000009
2025-05-24,,,,,,,,,,,,,,
2025-05-25,,,,,,,,,,,,,,
2025-05-26,,,,,,,,,,,,,,
2025-05-27,,,,,,,,,,,,,,
2025-05-28,,,,,,,,,,,,,,
2025-05-29,,,,,,,,,,,,,,
2025-05-30,,,,,,,,,,,,,,
2025-05-31,,,,,,,,,,,,,,
2025-06-01,,,,,,,,,,,,,,
2025-06-02,,,,,,,,,,,,,,
2025-06-03,,,,,,,,,,,,,,
2025-06-04,,,,,,,,,,,,,,
2025-06-05,,,,,,,,,,,,,,
2025-06-06,,,,,,,,,,,,,,
2025-06-07,,,,,,,,,,,,,,
2025-06-08,,,,,,,,,,,,,,
2025-06-09,,,,,,,,,,,,,,
2025-06-10,,,,,,,,,,,,,,
2025-06-11,,,,,,,,,,,,,,
2025-06-12,,,,,,,,,,,,,,
2025-06-13,,,,,,,,,,,,,,
2025-06-14,,,,,,,,,,,,,,
2025-06-15,,,,,,,,,,,,,,
2025-06-16,,,,,,,,,,,,,,
2025-06-17,,,,,,,,,,,,,,
2025-06-18,,,,,,,,,,,,,,
2025-06-19,,,,,,,,,,,,,,
2025-06-20,,,,,,,,,,,,,,
2025-06-21,,,,,,,,,,,,,,
2025-06-22,,,,,,,,,,,,,,
2025-06-23,,,,,,,,,,,,,,
2025-06-24,,,,,,,,,,,,,,
2025-06-25,,,,,,,,,,,,,,
2025-06-26,,,,,,,,,,,,,,
2025-06-27,,,,,,,,,,,,,,
2025-06-28,,,,,,,,,,,,,,
2025-06-29,,,,,,,,,,,,,,
2025-06-30,,,,,,,,,,,,,,
2025-07-01,,,,,,,,,,,,,,
2025-07-02,,,,,,,,,,,,,,
2025-07-03,,,,,,,,,,,,,,
2025-07-04,,,,,,,,,,,,,,
2025-07-05,,,,,,,,,,,,,,
2025-07-06,,,,,,,,,,,,,,
2025-07-07,,,,,,,,,,,,,,
2025-07-08,,,,,,,,,,,,,,
2025-07-09,,,,,,,,,,,,,,
2025-07-10,,,,,,,,,,,,,,
2025-07-11,,,,,,,,,,,,,,
2025-07-12,,,,,,,,,,,,,,
2025-07-13,,,,,,,,,,,,,,
2025-07-14,,,,,,,,,,,,,,
2025-07-15,,,,,,,,,,,,,,
2025-07-16,,,,,,,,,,,,,,
2025-07-17,,,,,,,,,,,,,,
2025-07-18,,,,,,,,,,,,,,
2025-07-19,,,,,,,,,,,,,,
2025-07-20,,,,,,,,,,,,,,
2025-07-21,,,,,,,,,,,,,,
2025-07-22,37.645833333333336,35.220416666666665,25.914583333333336,20.197916666666668,11.21875,7.510833333333334,5.211250000000001,3.140833333333333,2.314583333333333,1.575416666666667,2.66625,1.0733333333333335,0.8915,0.04166666666666674
2025-07-23,37.307500000000005,34.858333333333334,25.44333333333333,19.665416666666665,10.71375,7.170833333333333,4.945416666666667,2.9929166666666664,2.2008333333333336,1.5245833333333336,2.7649999999999997,1.1166666666666667,0.94025,0.09833333333333338
2025-07-24,36.85541666666667,34.37375,25.032916666666665,19.2725,10.4625,7.0808333333333335,4.967916666666667,3.0795833333333333,2.2870833333333334,1.6254166666666663,2.835416666666667,1.2358333333333333,1.0548333333333333,0.19833333333333347
2025-07-25,36.76083333333334,34.24666666666666,24.85875,19.094166666666666,10.35375,7.035416666666667,4.972916666666666,3.1141666666666663,2.350416666666667,1.6687499999999997,2.8987499999999997,1.3391666666666666,1.1298333333333335,0.37375
2025-07-26,37.169583333333335,34.532916666666665,24.974166666666665,19.17875,10.344166666666666,6.963333333333333,4.88375,3.0004166666666667,2.197916666666667,1.5041666666666669,2.6829166666666664,1.1383333333333334,0.9648333333333332,0.15166666666666684
2025-07-27,37.719166666666666,35.032916666666665,25.452916666666667,19.52125,10.525833333333333,7.029583333333333,4.91375,2.9779166666666668,2.1683333333333334,1.4783333333333335,2.6345833333333335,1.0775,0.8910833333333332,0.10583333333333345
2025-07-28,37.534166666666664,34.84791666666667,25.472916666666666,19.65375,10.7125,7.1450000000000005,4.958333333333333,2.9608333333333334,2.1454166666666667,1.3962499999999998,2.5549999999999997,0.9991666666666666,0.8514999999999999,0.06166666666666676
2025-07-29,37.844166666666666,35.10333333333333,25.607916666666668,19.68375,10.683750000000002,7.137083333333334,4.930000000000001,2.935416666666667,2.100416666666667,1.3533333333333335,2.4904166666666665,0.9595833333333333,0.8619166666666667,0.021666666666666723
2025-07-30,38.40083333333334,35.492916666666666,25.971666666666668,20.031666666666666,10.919583333333334,7.284583333333334,5.078333333333333,3.0504166666666666,2.212083333333333,1.481666666666667,2.6158333333333337,1.0687499999999999,0.9731666666666667,0.1745833333333333
2025-07-31,37.86750000000001,35.25666666666667,26.011666666666667,20.171666666666667,11.123333333333333,7.433333333333334,5.178750000000001,3.0849999999999995,2.2383333333333333,1.4575,2.5854166666666667,1.0495833333333333,0.9144166666666667,0.06000000000000005
2025-08-01,37.432500000000005,34.946666666666665,25.68541666666667,19.90375,10.902916666666668,7.234583333333334,5.022500000000001,2.9258333333333333,2.099166666666667,1.32125,2.4629166666666666,0.9116666666666666,0.78775,-0.17833333333333345
2025-08-02,36.806250000000006,34.37833333333333,25.209166666666665,19.4775,10.54875,7.017916666666666,4.83375,2.827916666666667,2.017083333333334,1.262916666666667,2.3920833333333333,0.8595833333333333,0.7319166666666667,-0.13041666666666663
2025-08-03,36.14875,33.71541666666666,24.585416666666664,18.897916666666667,10.164583333333333,6.803333333333334,4.695833333333334,2.8183333333333334,2.017083333333334,1.3241666666666667,2.496666666666667,0.9329166666666667,0.8044166666666668,-0.09833333333333338
2025-08-04,35.655,33.18416666666666,23.969583333333333,18.295833333333334,9.765833333333333,6.605416666666668,4.63625,2.8508333333333336,2.095416666666667,1.4320833333333334,2.59375,1.0245833333333334,0.9490000000000001,0.07166666666666655
2025-08-05,35.567083333333336,33.029583333333335,23.72875,18.042083333333334,9.537083333333333,6.479583333333333,4.5649999999999995,2.8495833333333334,2.0854166666666667,1.42375,2.6366666666666667,1.0533333333333335,0.9515,0.043749999999999956
2025-08-06,35.58625,32.98458333333333,23.585416666666664,17.85833333333333,9.343333333333334,6.282500000000001,4.3475,2.6358333333333333,1.89875,1.2458333333333331,2.4924999999999997,0.9020833333333332,0.7998333333333334,-0.03833333333333333
2025-08-07,35.687083333333334,33.09208333333333,23.701666666666668,17.93,9.310833333333333,6.223750000000001,4.3,2.57875,1.8399999999999999,1.2037499999999999,2.4266666666666667,0.8545833333333334,0.7285833333333334,-0.12375000000000003
2025-08-08,35.41375,32.871249999999996,23.58375,17.910416666666666,9.39875,6.385,4.51125,2.848333333333333,2.1012500000000003,1.4708333333333332,2.7125000000000004,1.185,1.02275,0.13875000000000015
2025-08-09,35.00666666666667,32.50666666666667,23.300833333333333,17.69,9.47125,6.587916666666667,4.7629166666666665,3.1508333333333334,2.4075,1.8120833333333333,2.9937500000000004,1.45625,1.2585833333333334,0.4075
2025-08-10,34.622083333333336,32.125,23.008750000000003,17.49125,9.407083333333334,6.624583333333333,4.869166666666667,3.267916666666667,2.535,1.940833333333333,3.229166666666667,1.6233333333333333,1.4335833333333334,0.6029166666666668
2025-08-11,34.10166666666667,31.65916666666667,22.605416666666667,17.150000000000002,9.259583333333333,6.557916666666666,4.81,3.2312499999999997,2.4770833333333337,1.86625,3.08125,1.5566666666666666,1.3931666666666669,0.6295833333333334
2025-08-12,33.41708333333334,30.9825,22.022499999999997,16.66541666666667,8.855416666666667,6.242916666666667,4.534583333333334,2.9779166666666668,2.246666666666667,1.6425,2.951666666666667,1.4433333333333334,1.2877500000000002,0.6162500000000002
2025-08-13,32.749583333333334,30.317916666666665,21.3475,16.037916666666668,8.374166666666667,5.885833333333333,4.25625,2.768333333333333,2.06375,1.5404166666666668,2.88,1.3,1.1944166666666667,0.4425000000000001
2025-08-14,32.389583333333334,29.885416666666668,20.868333333333336,15.508333333333333,7.901249999999999,5.484166666666668,3.9070833333333335,2.4995833333333333,1.815,1.2887499999999998,2.6254166666666663,1.105,0.99525,0.27833333333333354
2025-08-15,31.961250000000003,29.433333333333334,20.465416666666666,15.152916666666668,7.665416666666667,5.32625,3.7783333333333333,2.4058333333333333,1.73625,1.2125,2.5304166666666665,1.01375,0.9344166666666667,0.12500000000000022
2025-08-16,31.486249999999995,28.962083333333336,20.07166666666667,14.792916666666665,7.35375,5.100833333333333,3.560833333333333,2.250833333333333,1.5899999999999999,1.1225,2.465,0.91125,0.8244166666666668,0.018750000000000044
2025-08-17,30.8575,28.304999999999996,19.481666666666666,14.238750000000001,7.057083333333333,4.9591666666666665,3.496666666666667,2.2729166666666667,1.6525,1.19625,2.600416666666667,1.0508333333333333,0.94275,0.2004166666666667
2025-08-18,30.307499999999997,27.825,19.00583333333333,13.840416666666668,6.850416666666668,4.8950000000000005,3.4825,2.3475,1.7429166666666664,1.2974999999999999,2.6954166666666666,1.17875,1.0756666666666665,0.2849999999999999
2025-08-19,29.420416666666668,26.890833333333333,18.32375,13.322083333333333,6.6137500000000005,4.777916666666667,3.41125,2.32,1.7033333333333334,1.3199999999999998,2.699583333333333,1.1808333333333334,1.0656666666666668,0.2550000000000001
2025-08-20,29.01625,26.425416666666667,17.6825,12.727083333333333,6.265000000000001,4.615,3.345833333333333,2.3629166666666666,1.7804166666666665,1.4058333333333333,2.8395833333333336,1.3383333333333332,1.2219166666666665,0.4737500000000001
2025-08-21,28.93,26.349999999999998,17.61,12.48,6.16,4.17,2.74,1.62,1.05,0.6900000000000001,2.38,0.76,0.734,0.27
2025-08-22,,,,,,,,,,,,,,
2025-08-23,,,,,,,,,,,,,,
2025-08-24,,,,,,,,,,,,,,
2025-08-25,,,,,,,,,,,,,,
2025-08-26,,,,,,,,,,,,,,
2025-08-27,,,,,,,,,,,,,,
2025-08-28,,,,,,,,,,,,,,
2025-08-29,,,,,,,,,,,,,,
2025-08-30,,,,,,,,,,,,,,
2025-08-31,,,,,,,,,,,,,,
2025-09-01,,,,,,,,,,,,,,
2025-09-02,,,,,,,,,,,,,,
2025-09-03,,,,,,,,,,,,,,
2025-09-04,,,,,,,,,,,,,,
2025-09-05,,,,,,,,,,,,,,
2025-09-06,,,,,,,,,,,,,,
2025-09-07,,,,,,,,,,,,,,
2025-09-08,,,,,,,,,,,,,,
2025-09-09,,,,,,,,,,,,,,
2025-09-10,,,,,,,,,,,,,,
2025-09-11,,,,,,,,,,,,,,
2025-09-12,,,,,,,,,,,,,,
2025-09-13,,,,,,,,,,,,,,
2025-09-14,,,,,,,,,,,,,,
2025-09-15,,,,,,,,,,,,,,
2025-09-16,,,,,,,,,,,,,,
2025-09-17,,,,,,,,,,,,,,
2025-09-18,,,,,,,,,,,,,,
2025-09-19,,,,,,,,,,,,,,
2025-09-20,,,,,,,,,,,,,,
2025-09-21,,,,,,,,,,,,,,
2025-09-22,,,,,,,,,,,,,,
2025-09-23,,,,,,,,,,,,,,
2025-09-24,,,,,,,,,,,,,,
2025-09-25,,,,,,,,,,,,,,
2025-09-26,,,,,,,,,,,,,,
2025-09-27,,,,,,,,,,,,,,
2025-09-28,,,,,,,,,,,,,,
2025-09-29,,,,,,,,,,,,,,
2025-09-30,,,,,,,,,,,,,,
2025-10-01,,,,,,,,,,,,,,
2025-10-02,,,,,,,,,,,,,,
2025-10-03,,,,,,,,,,,,,,
2025-10-04,,,,,,,,,,,,,,
2025-10-05,,,,,,,,,,,,,,
2025-10-06,,,,,,,,,,,,,,
2025-10-07,,,,,,,,,,,,,,
2025-10-08,,,,,,,,,,,,,,
2025-10-09,,,,,,,,,,,,,,
2025-10-10,,,,,,,,,,,,,,
2025-10-11,,,,,,,,,,,,,,
2025-10-12,,,,,,,,,,,,,,
2025-10-13,,,,,,,,,,,,,,
2025-10-14,,,,,,,,,,,,,,
2025-10-15,,,,,,,,,,,,,,
2025-10-16,,,,,,,,,,,,,,
2025-10-17,,,,,,,,,,,,,,
2025-10-18,,,,,,,,,,,,,,
2025-10-19,,,,,,,,,,,,,,
2025-10-20,18.692916666666665,16.125416666666666,9.44125,6.650833333333334,3.1141666666666667,2.9579166666666667,2.336666666666667,2.085,1.6816666666666666,1.51375,2.9037499999999996,1.5258333333333332,1.3881666666666665,0.6929166666666666
2025-10-21,18.49583333333333,15.897083333333331,9.219166666666666,6.43875,2.727916666666667,2.5199999999999996,1.88,1.5979166666666667,1.2258333333333333,1.0837499999999998,2.6624999999999996,1.14375,1.039,0.4970833333333331
2025-10-22,18.31083333333333,15.755833333333332,9.032083333333334,6.24875,2.621666666666666,2.50375,1.8608333333333333,1.6179166666666667,1.25,1.1070833333333332,2.600833333333333,1.0725,0.9510833333333333,0.26375000000000015
2025-10-23,17.81458333333333,15.3525,8.833333333333334,6.135833333333333,2.5808333333333335,2.42375,1.8112500000000002,1.5383333333333333,1.1570833333333332,0.9987499999999999,2.5300000000000002,1.0241666666666667,0.9298333333333333,0.29166666666666674
2025-10-24,17.269999999999996,14.815833333333332,8.367916666666668,5.79375,2.366666666666667,2.251666666666667,1.65625,1.4204166666666669,1.0499999999999998,0.9066666666666666,2.4591666666666665,0.9420833333333333,0.8265,0.15333333333333354
2025-10-25,17.07875,14.619583333333333,8.267083333333334,5.867916666666667,2.63875,2.5287500000000005,1.9779166666666668,1.7433333333333334,1.3516666666666666,1.2095833333333332,2.7279166666666663,1.2295833333333333,1.07525,0.4075
2025-10-26,17.861666666666665,15.105833333333333,8.528333333333334,6.094166666666666,2.8254166666666665,2.724166666666667,2.1416666666666666,1.8995833333333334,1.5070833333333333,1.3466666666666667,2.9729166666666664,1.3716666666666668,1.2481666666666666,0.5870833333333334
2025-10-27,19.104166666666664,16.574166666666667,9.454583333333334,6.56125,2.8933333333333335,2.7370833333333326,2.0974999999999997,1.8245833333333332,1.4508333333333332,1.30375,2.897916666666667,1.3795833333333334,1.24525,0.58125
2025-10-28,18.907916666666665,16.388749999999998,9.70125,6.835,3.121666666666667,2.900833333333333,2.2345833333333336,1.9316666666666666,1.5329166666666665,1.4337499999999999,2.904583333333333,1.4041666666666668,1.2877500000000002,0.6291666666666667
2025-10-29,19.4075,16.69,9.431666666666667,6.624583333333334,2.8045833333333334,2.505416666666667,1.8133333333333335,1.4683333333333335,1.085,0.9374999999999999,2.6466666666666665,1.1195833333333334,1.00525,0.3641666666666665
2025-10-30,19.582916666666666,16.949583333333333,9.53,6.345833333333334,2.375,2.074583333333333,1.393333333333333,1.1058333333333332,0.7458333333333333,0.5841666666666666,2.2079166666666667,0.6758333333333333,0.5652499999999999,-0.039583333333333304
2025-10-31,18.475416666666664,15.948333333333334,9.238333333333333,6.197916666666667,2.3933333333333335,2.1775,1.4979166666666668,1.1937499999999999,0.8195833333333333,0.6470833333333333,2.182916666666667,0.6045833333333334,0.5248333333333334,-0.0954166666666667
2025-11-01,18.272916666666667,15.595416666666665,8.639999999999999,5.744166666666666,2.12125,2.0374999999999996,1.44,1.2275,0.8720833333333333,0.6983333333333334,2.26375,0.7304166666666667,0.6164999999999999,0.015416666666666634
2025-11-02,19.0125,16.325,9.023333333333333,6.084166666666667,2.373333333333333,2.255416666666667,1.6366666666666667,1.4175000000000002,1.0458333333333334,0.9104166666666668,2.3720833333333333,0.9079166666666666,0.8006666666666666,0.1741666666666668
2025-11-03,19.329166666666666,16.640416666666667,9.489583333333334,6.329166666666667,2.4866666666666664,2.2925000000000004,1.6395833333333334,1.3675,1.0,0.8491666666666667,2.355833333333333,0.8695833333333334,0.75525,0.11083333333333334
2025-11-04,19.592916666666667,16.871666666666666,9.6775,6.416250000000001,2.4158333333333335,2.1574999999999998,1.4966666666666666,1.2091666666666667,0.82375,0.6762499999999999,2.2816666666666667,0.73,0.6406666666666667,0.06499999999999995
2025-11-05,19.84875,17.107499999999998,9.864166666666668,6.550833333333333,2.5041666666666664,2.229166666666666,1.544166666666667,1.23625,0.8533333333333333,0.6816666666666665,2.2991666666666664,0.7308333333333333,0.6394166666666666,0.06000000000000005
2025-11-06,20.16208333333333,17.477083333333333,10.158333333333333,6.771249999999999,2.6412499999999994,2.295416666666666,1.5995833333333334,1.2520833333333334,0.8612499999999998,0.66125,2.2375000000000003,0.7212500000000001,0.6285833333333333,-0.020416666666666528
2025-11-07,20.357083333333332,17.689166666666665,10.45125,7.092083333333334,2.961666666666667,2.5525,1.8504166666666668,1.4708333333333332,1.0554166666666664,0.8791666666666668,2.40625,0.8525,0.7844166666666668,0.12208333333333354
2025-11-08,20.415,17.743333333333332,10.559583333333334,7.225416666666667,2.985833333333334,2.5687499999999996,1.8404166666666666,1.4466666666666665,1.0358333333333332,0.8404166666666667,2.4425,0.8525,0.7535833333333333,0.07999999999999985
2025-11-09,20.3675,17.726249999999997,10.46625,7.171250000000001,2.9283333333333337,2.475416666666667,1.7079166666666667,1.3133333333333332,0.8945833333333333,0.7041666666666667,2.1995833333333334,0.685,0.5852499999999999,-0.15416666666666656
2025-11-10,20.107916666666664,17.505416666666665,10.22875,6.926666666666667,2.6570833333333335,2.1925,1.4133333333333336,0.99625,0.5625,0.3833333333333333,1.9645833333333336,0.43291666666666667,0.35816666666666663,-0.3616666666666667
2025-11-11,19.705,17.112916666666667,9.939583333333333,6.470833333333334,2.1587499999999995,1.695833333333333,0.9749999999999999,0.545,0.13041666666666668,-0.04208333333333336,1.6183333333333334,-0.018333333333333323,0.0002500000000000002,-0.7029166666666666
2025-11-12,19.216666666666665,16.588333333333335,9.469166666666666,6.077916666666667,1.9062500000000002,1.5441666666666667,0.85625,0.51625,0.12041666666666667,-0.028749999999999998,1.5416666666666667,-0.05041666666666667,-0.08183333333333334,-0.7833333333333332
2025-11-13,18.680416666666666,16.075416666666666,9.0675,5.848333333333333,1.8433333333333335,1.5887499999999999,0.9375,0.6725,0.3070833333333334,0.14874999999999994,1.6525,0.14125000000000001,0.02316666666666667,-0.5612499999999999
2025-11-14,18.05833333333333,15.484583333333333,8.625416666666666,5.64375,1.8270833333333336,1.6491666666666667,1.0391666666666666,0.7975,0.42208333333333337,0.26,1.7625,0.2604166666666667,0.1398333333333333,-0.4395833333333333
2025-11-15,17.745416666666664,15.114999999999998,8.352083333333333,5.485,1.8037500000000002,1.690416666666667,1.08875,0.8633333333333333,0.5225,0.3500000000000001,1.9020833333333336,0.3954166666666667,0.26316666666666666,-0.33999999999999997
2025-11-16,17.445416666666667,14.851666666666667,8.212916666666667,5.504166666666666,1.9200000000000002,1.8275,1.2695833333333333,1.06625,0.7075,0.53125,2.1683333333333334,0.5575,0.4331666666666667,-0.08458333333333323
2025-11-17,-2069.6483333333335,14.57625,8.055833333333334,5.404166666666666,1.9354166666666666,1.8770833333333334,1.3004166666666666,1.1199999999999999,-1249.2283333333332,-832.7466666666667,2.1954166666666666,-1249.3258333333333,0.46066666666666667,-0.08916666666666662
2025-11-18,17.5625,14.898333333333333,8.137083333333333,5.451666666666667,1.9737500000000001,1.8904166666666666,1.3087500000000003,1.0987500000000001,0.72,0.5266666666666666,2.089166666666667,0.54,0.42733333333333334,-0.12958333333333338
2025-11-19,17.799999999999997,15.129999999999999,8.19,5.62,2.34,2.4400000000000004,1.8900000000000001,1.73,1.3199999999999998,1.0499999999999998,2.42,0.87,0.584,-0.06000000000000005
2025-11-20,,,,,,,,,,,,,,
2025-11-21,,,,,,,,,,,,,,
2025-11-22,,,,,,,,,,,,,,
2025-11-23,,,,,,,,,,,,,,
2025-11-24,,,,,,,,,,,,,,
2025-11-25,,,,,,,,,,,,,,
2025-11-26,,,,,,,,,,,,,,
2025-11-27,,,,,,,,,,,,,,
2025-11-28,,,,,,,,,,,,,,
2025-11-29,,,,,,,,,,,,,,
2025-11-30,,,,,,,,,,,,,,
2025-12-01,,,,,,,,,,,,,,
2025-12-02,,,,,,,,,,,,,,
2025-12-03,,,,,,,,,,,,,,
2025-12-04,,,,,,,,,,,,,,
2025-12-05,,,,,,,,,,,,,,
2025-12-06,,,,,,,,,,,,,,
2025-12-07,,,,,,,,,,,,,,
2025-12-08,,,,,,,,,,,,,,
2025-12-09,,,,,,,,,,,,,,
2025-12-10,,,,,,,,,,,,,,
2025-12-11,,,,,,,,,,,,,,
2025-12-12,,,,,,,,,,,,,,
2025-12-13,,,,,,,,,,,,,,
2025-12-14,,,,,,,,,,,,,,
2025-12-15,,,,,,,,,,,,,,
2025-12-16,,,,,,,,,,,,,,
2025-12-17,,,,,,,,,,,,,,
2025-12-18,,,,,,,,,,,,,,
2025-12-19,,,,,,,,,,,,,,
2025-12-20,,,,,,,,,,,,,,
2025-12-21,,,,,,,,,,,,,,
2025-12-22,,,,,,,,,,,,,,
2025-12-23,,,,,,,,,,,,,,
2025-12-24,,,,,,,,,,,,,,
2025-12-25,,,,,,,,,,,,,,
2025-12-26,,,,,,,,,,,,,,
2025-12-27,,,,,,,,,,,,,,
2025-12-28,,,,,,,,,,,,,,
2025-12-29,,,,,,,,,,,,,,
2025-12-30,,,,,,,,,,,,,,
2025-12-31,,,,,,,,,,,,,,
2026-01-01,,,,,,,,,,,,,,
2026-01-02,,,,,,,,,,,,,,
2026-01-03,,,,,,,,,,,,,,
2026-01-04,,,,,,,,,,,,,,
2026-01-05,,,,,,,,,,,,,,
2026-01-06,,,,,,,,,,,,,,
2026-01-07,,,,,,,,,,,,,,
2026-01-08,,,,,,,,,,,,,,
2026-01-09,,,,,,,,,,,,,,
2026-01-10,,,,,,,,,,,,,,
2026-01-11,,,,,,,,,,,,,,
2026-01-12,,,,,,,,,,,,,,
2026-01-13,,,,,,,,,,,,,,
2026-01-14,,,,,,,,,,,,,,
2026-01-15,,,,,,,,,,,,,,
2026-01-16,,,,,,,,,,,,,,
2026-01-17,,,,,,,,,,,,,,
2026-01-18,19.27708333333333,16.851666666666667,9.427083333333334,6.239583333333333,2.1191666666666666,1.8549999999999998,0.88375,0.64125,0.23375,0.08249999999999996,1.55375,0.16083333333333333,0.13233333333333336,-0.6016666666666667
2026-01-19,19.469166666666666,16.992916666666666,9.615416666666667,6.285416666666666,1.9945833333333332,1.66,0.6491666666666667,0.3283333333333333,-0.09750000000000002,-0.25833333333333336,1.2979166666666666,-0.2325,-0.16641666666666666,-0.9854166666666666
2026-01-20,19.707916666666666,17.200833333333332,9.674583333333333,6.271666666666667,1.9133333333333333,1.5641666666666667,0.5687499999999999,0.2608333333333333,-0.14166666666666666,-0.3566666666666667,1.1679166666666667,-0.28375,-0.25975,-1.085
2026-01-21,20.204166666666666,17.671666666666667,9.918333333333333,6.501666666666666,2.163333333333333,1.8591666666666666,0.9041666666666668,0.6587500000000001,0.24,0.07041666666666668,1.57375,0.07041666666666667,-0.034749999999999975,-0.6129166666666667
2026-01-22,20.817083333333333,18.291666666666668,10.344583333333334,6.8691666666666675,2.3499999999999996,1.9574999999999998,0.9433333333333334,0.6470833333333333,0.24291666666666667,0.07583333333333331,1.5250000000000001,0.009583333333333334,-0.0635,-0.6895833333333333
2026-01-23,21.550416666666667,19.047083333333333,10.955416666666666,7.322500000000001,2.703333333333333,2.2491666666666665,1.2245833333333334,0.8975,0.4895833333333333,0.275,1.6908333333333334,0.22666666666666668,0.13691666666666663,-0.5783333333333333
2026-01-24,21.800416666666667,19.36375,11.477083333333333,7.864999999999999,3.100416666666667,2.5566666666666666,1.51125,1.1591666666666667,0.7008333333333334,0.5033333333333334,1.9179166666666667,0.47583333333333333,0.37358333333333327,-0.2991666666666667
2026-01-25,22.097916666666666,19.651666666666667,11.732916666666666,8.206249999999999,3.3445833333333335,2.622916666666667,1.5170833333333333,1.1125,0.6799999999999999,0.46958333333333324,1.9995833333333333,0.52625,0.4219166666666667,-0.32999999999999996
2026-01-26,22.95875,20.47083333333333,12.130833333333333,8.280833333333334,3.08375,2.297083333333333,1.1545833333333335,0.73375,0.27666666666666667,0.08291666666666664,1.5845833333333332,0.14041666666666666,0.06066666666666665,-0.75125
2026-01-27,23.482916666666668,20.98875,12.635833333333332,8.4425,2.9787500000000007,2.110833333333334,0.9000000000000001,0.3766666666666667,-0.09791666666666667,-0.3041666666666667,1.2791666666666668,-0.22499999999999998,-0.19183333333333333,-0.9670833333333333
2026-01-28,23.70583333333333,21.284166666666664,12.922916666666666,8.667916666666667,3.0908333333333333,2.1608333333333327,0.9208333333333334,0.3620833333333333,-0.12958333333333333,-0.3754166666666667,1.18875,-0.31916666666666665,-0.2535,-1.1370833333333332
2026-01-29,23.16,20.812916666666666,12.729583333333332,8.576666666666666,3.08875,2.234583333333333,1.0083333333333335,0.47875,0.03041666666666666,-0.17125,1.32625,-0.19541666666666666,-0.0001666666666666483,-0.9495833333333333
2026-01-30,22.479999999999997,20.174166666666668,12.265,8.43625,3.1620833333333334,2.3633333333333333,1.1675,0.6725,0.22833333333333333,0.009583333333333333,1.4716666666666667,0.009583333333333324,0.039000000000000035,-0.7816666666666667
2026-01-31,21.615416666666665,19.354166666666668,11.600416666666668,7.9725,2.8633333333333333,2.0612500000000002,0.8475000000000001,0.3933333333333333,-0.07000000000000002,-0.29583333333333334,1.23625,-0.21875,-0.16141666666666665,-1.0666666666666667
2026-02-01,20.84875,18.517083333333332,10.93125,7.203749999999999,-414.46545833333334,1.5799999999999998,0.44333333333333336,0.01625,-0.4054166666666667,-0.6575,0.94875,-0.5454166666666667,-0.3576666666666667,-1.30625
2026-02-02,20.659583333333334,18.25125,10.491666666666667,6.851666666666667,2.1910833333333333,1.445833333333333,0.3629166666666668,-0.03749999999999999,-0.4370833333333334,-0.7020833333333334,0.8470833333333334,-0.6425,-0.46266666666666667,-1.4479166666666667
2026-02-03,21.142916666666665,18.65625,10.59375,6.8999999999999995,2.2389583333333336,1.6695833333333334,0.6379166666666667,0.30375,-0.085,-0.2854166666666667,1.23,-0.29541666666666666,-0.34558333333333335,-1.0683333333333334
2026-02-04,22.10583333333333,19.6225,11.332083333333335,7.600416666666667,2.6712499999999997,2.1033333333333335,1.01375,0.6741666666666667,0.27625,0.09083333333333327,1.5041666666666667,0.009583333333333333,-0.101,-0.7458333333333333
2026-02-05,22.94625,20.45375,12.09125,8.095833333333333,2.8620833333333335,2.1170833333333334,0.9541666666666666,0.5225,0.07249999999999998,-0.17750000000000002,1.28,-0.1775,-0.21391666666666667,-0.9383333333333332
2026-02-06,23.62625,21.16541666666667,12.685416666666667,8.53125,3.0708333333333337,2.2470833333333333,1.1183333333333332,0.6329166666666667,0.21791666666666665,-0.06416666666666665,1.5154166666666666,-0.043750000000000004,-0.14225,-0.7641666666666667
2026-02-07,23.98208333333333,21.54125,13.107083333333334,8.906666666666666,3.3066666666666675,2.3554166666666667,1.1054166666666667,0.5570833333333333,0.11333333333333334,-0.2025,1.2725,-0.22458333333333333,-0.29933333333333334,-1.06125
2026-02-08,24.006249999999998,21.616666666666664,13.314166666666667,9.139583333333333,3.550833333333334,2.6245833333333337,1.3870833333333334,0.8570833333333333,0.4225,0.10166666666666668,1.6541666666666668,0.11916666666666668,0.04191666666666666,-0.6799999999999999
2026-02-09,23.690416666666664,21.336249999999996,13.218333333333334,9.153333333333334,3.6083333333333334,2.6691666666666665,1.40625,0.84875,0.41,0.13708333333333333,1.61125,0.08416666666666667,0.0040000000000000036,-0.6445833333333333
2026-02-10,23.14,20.80333333333333,12.899166666666666,8.977916666666667,3.5900000000000007,2.76,1.5325000000000002,0.98875,0.5791666666666666,0.31958333333333333,1.745,0.26416666666666666,0.17816666666666664,-0.48
2026-02-11,22.364583333333332,20.03333333333333,12.338333333333333,8.62625,3.4450000000000003,2.71375,1.5329166666666665,1.0562500000000001,0.6170833333333334,0.4116666666666666,1.7979166666666666,0.3279166666666667,0.26275000000000004,-0.41875000000000007
2026-02-12,21.896666666666665,19.579166666666666,11.977916666666667,8.367916666666668,3.2891666666666675,2.6554166666666665,1.5070833333333336,1.0887499999999999,0.6637500000000001,0.4341666666666667,1.9224999999999999,0.41041666666666665,0.3198333333333333,-0.31666666666666676
2026-02-13,21.026249999999997,18.741249999999997,11.41375,7.9775,3.1554166666666665,2.599166666666667,1.4779166666666668,1.0658333333333332,0.6204166666666666,0.4175,1.89375,0.415,0.3131666666666667,-0.34624999999999995
2026-02-14,20.15625,17.862083333333334,10.678333333333333,7.4725,2.9195833333333336,2.4854166666666666,1.47125,1.14125,0.7033333333333334,0.5075,1.9458333333333333,0.5187499999999999,0.4277500000000001,-0.2220833333333332
2026-02-15,19.57,17.280833333333334,10.27125,7.3254166666666665,2.947916666666667,2.5549999999999997,1.5825,1.2554166666666666,0.7950000000000002,0.65125,2.1575,0.6687500000000001,0.559,-0.07624999999999993
2026-02-16,19.117916666666666,16.79875,9.853333333333333,6.860833333333333,2.5808333333333335,2.265416666666667,1.2829166666666665,1.0283333333333333,0.6125,0.4175,1.9254166666666666,0.42124999999999996,0.3456666666666667,-0.36750000000000005
2026-02-17,19.06,16.7,9.7,6.58,2.6500000000000004,2.6900000000000004,1.87,1.79,1.4,1.15,2.69,1.12,0.954,0.19999999999999996
2026-02-18,,,,,,,,,,,,,,
2026-02-19,,,,,,,,,,,,,,
2026-02-20,,,,,,,,,,,,,,
2026-02-21,,,,,,,,,,,,,,
2026-02-22,,,,,,,,,,,,,,
2026-02-23,,,,,,,,,,,,,,
2026-02-24,,,,,,,,,,,,,,
2026-02-25,,,,,,,,,,,,,,
2026-02-26,,,,,,,,,,,,,,
2026-02-27,,,,,,,,,,,,,,
2026-02-28,,,,,,,,,,,,,,
2026-03-01,,,,,,,,,,,,,,
2026-03-02,,,,,,,,,,,,,,
2026-03-03,,,,,,,,,,,,,,
2026-03-04,,,,,,,,,,,,,,
2026-03-05,,,,,,,,,,,,,,
2026-03-06,,,,,,,,,,,,,,
2026-03-07,,,,,,,,,,,,,,
2026-03-08,,,,,,,,,,,,,,
2026-03-09,,,,,,,,,,,,,,
2026-03-10,,,,,,,,,,,,,,
2026-03-11,,,,,,,,,,,,,,
2026-03-12,,,,,,,,,,,,,,
2026-03-13,,,,,,,,,,,,,,
2026-03-14,,,,,,,,,,,,,,
2026-03-15,,,,,,,,,,,,,,
2026-03-16,,,,,,,,,,,,,,
2026-03-17,,,,,,,,,,,,,,
2026-03-18,,,,,,,,,,,,,,
2026-03-19,,,,,,,,,,,,,,
2026-03-20,,,,,,,,,,,,,,
2026-03-21,,,,,,,,,,,,,,
2026-03-22,,,,,,,,,,,,,,
2026-03-23,,,,,,,,,,,,,,
2026-03-24,,,,,,,,,,,,,,
2026-03-25,,,,,,,,,,,,,,
2026-03-26,,,,,,,,,,,,,,
2026-03-27,,,,,,,,,,,,,,
2026-03-28,,,,,,,,,,,,,,
2026-03-29,,,,,,,,,,,,,,
2026-03-30,,,,,,,,,,,,,,
2026-03-31,,,,,,,,,,,,,,
2026-04-01,,,,,,,,,,,,,,
2026-04-02,,,,,,,,,,,,,,
2026-04-03,,,,,,,,,,,,,,
2026-04-04,,,,,,,,,,,,,,
2026-04-05,,,,,,,,,,,,,,
2026-04-06,,,,,,,,,,,,,,
2026-04-07,,,,,,,,,,,,,,
2026-04-08,,,,,,,,,,,,,,
2026-04-09,,,,,,,,,,,,,,
2026-04-10,,,,,,,,,,,,,,
2026-04-11,,,,,,,,,,,,,,
2026-04-12,,,,,,,,,,,,,,
2026-04-13,,,,,,,,,,,,,,
2026-04-14,,,,,,,,,,,,,,
2026-04-15,,,,,,,,,,,,,,
2026-04-16,,,,,,,,,,,,,,
2026-04-17,,,,,,,,,,,,,,
2026-04-18,37.275000000000006,34.61875,25.179166666666664,19.678333333333335,10.680416666666666,7.013333333333334,4.961666666666667,-9999.0,2.2183333333333337,1.4375,2.6879166666666663,1.1429166666666666,1.00775,0.17708333333333348
2026-04-19,36.989583333333336,34.346666666666664,24.974999999999998,19.49416666666667,10.63,7.035000000000001,5.062083333333334,-9999.0,2.50375,1.7145833333333331,2.9325,1.3408333333333333,1.0719166666666666,0.028750000000000053
2026-04-20,36.655,34.052083333333336,24.68958333333333,19.306250000000002,10.637500000000001,7.175,5.223333333333334,-9999.0,2.666666666666667,1.8545833333333333,3.0575,1.4308333333333332,1.19025,0.3108333333333333
2026-04-21,36.29041666666667,33.68375,24.340833333333332,18.97375,10.284583333333332,6.7595833333333335,4.775416666666667,-9999.0,2.154166666666667,1.40375,2.644166666666667,1.1083333333333334,0.9294166666666666,0.1937500000000001
2026-04-22,35.987,33.3265,23.9015,18.509,9.88809523809524,6.414,4.4805,-9999.0,2.0209523809523815,1.3557142857142854,2.6705,1.1357142857142857,0.97,0.28476190476190477
2026-04-23,,,,,,,,,,,,,,
