date,observed,predicted,residual,is_outlier,corrected
2025-04-23,58.9525,45.99761398455071,12.95488601544929,False,58.9525
2025-04-24,31.188333333333333,34.321810494972354,-3.1334771616390213,False,31.188333333333333
2025-04-25,37.87916666666667,29.345654598310016,8.533512068356654,False,37.87916666666667
2025-04-26,60.337916666666665,52.27637015876598,8.061546507900687,False,60.337916666666665
2025-04-27,60.52708333333334,61.235527483558904,-0.7084441502255672,False,60.52708333333334
2025-04-28,60.68375,54.112872859852956,6.570877140147047,False,60.68375
2025-04-29,60.81583333333333,65.86347433639486,-5.047641003061528,False,60.81583333333333
2025-04-30,60.830000000000005,52.645872470456524,8.184127529543481,False,60.830000000000005
2025-05-01,60.76916666666667,50.956554065980086,9.812612600686585,False,60.76916666666667
2025-05-02,60.669583333333335,50.444394626885476,10.22518870644786,False,60.669583333333335
2025-05-03,60.52458333333333,59.66128433967601,0.8632989936573239,False,60.52458333333333
2025-05-04,60.23875,42.30885235936776,17.92989764063224,False,60.23875
2025-05-05,59.8025,46.22157155107735,13.580928448922648,False,59.8025
2025-05-06,59.314166666666665,60.07785078022121,-0.7636841135545467,False,59.314166666666665
2025-05-07,59.17208333333333,58.91682131390827,0.25526201942506077,False,59.17208333333333
2025-05-08,58.89958333333333,52.82536452997442,6.07421880335891,False,58.89958333333333
2025-05-09,58.423750000000005,42.05270033404878,16.371049665951226,False,58.423750000000005
2025-05-10,57.97208333333333,48.88090481380052,9.09117851953281,False,57.97208333333333
2025-05-11,57.5225,53.364801484402854,4.157698515597147,False,57.5225
2025-05-12,57.02875,59.90076431569634,-2.8720143156963402,False,57.02875
2025-05-13,56.614583333333336,24.705887696502003,31.908695636831332,True,24.705887696502003
2025-05-14,-781.7333333333333,-592.7591077359922,-188.97422559734116,True,-592.7591077359922
2025-05-15,-782.0074999999999,-592.7591077359922,-189.24839226400775,True,-592.7591077359922
2025-05-16,55.70708333333334,5.927271991778184,49.77981134155515,True,5.927271991778184
2025-05-17,-363.51624999999996,-346.421981237435,-17.09426876256498,False,-363.51624999999996
2025-05-18,55.1775,41.31841776806927,13.859082231930735,False,55.1775
2025-05-19,54.899166666666666,47.961858700058386,6.93730796660828,False,54.899166666666666
2025-05-20,54.58041666666667,66.27869158030006,-11.69827491363339,False,54.58041666666667
2025-05-21,54.230000000000004,54.95984702854352,-0.7298470285435172,False,54.230000000000004
2025-05-22,-783.9345833333333,52.572975283409534,-836.5075586167428,True,52.572975283409534
2025-05-23,53.690000000000005,55.75931363982725,-2.069313639827243,False,53.690000000000005
2025-05-24,,132.62614084484028,,False,132.62614084484028
2025-05-25,,115.90926185298369,,False,115.90926185298369
2025-05-26,,99.75389655885675,,False,99.75389655885675
2025-05-27,,118.63487482179174,,False,118.63487482179174
2025-05-28,,7.00116964573048,,False,7.00116964573048
2025-05-29,,23.64219290959916,,False,23.64219290959916
2025-05-30,,14.28370152933074,,False,14.28370152933074
2025-05-31,,2.216387773896146,,False,2.216387773896146
2025-06-01,,-44.63238151247483,,False,-44.63238151247483
2025-06-02,,-38.570546328515846,,False,-38.570546328515846
2025-06-03,,15.55413008469469,,False,15.55413008469469
2025-06-04,,32.01244219168082,,False,32.01244219168082
2025-06-05,,38.36547907731678,,False,38.36547907731678
2025-06-06,,22.413956149477972,,False,22.413956149477972
2025-06-07,,18.84261699638944,,False,18.84261699638944
2025-06-08,,-22.26859847004754,,False,-22.26859847004754
2025-06-09,,16.000990320379717,,False,16.000990320379717
2025-06-10,,-8.964959281719393,,False,-8.964959281719393
2025-06-11,,0.7952242576791386,,False,0.7952242576791386
2025-06-12,,-16.932219451966965,,False,-16.932219451966965
2025-06-13,,37.184778867469724,,False,37.184778867469724
2025-06-14,,17.827567917896786,,False,17.827567917896786
2025-06-15,,9.167845003324338,,False,9.167845003324338
2025-06-16,,-4.226796564196459,,False,-4.226796564196459
2025-06-17,,28.282848577385487,,False,28.282848577385487
2025-06-18,,27.672752140485947,,False,27.672752140485947
2025-06-19,,9.289841800887297,,False,9.289841800887297
2025-06-20,,2.9561625896033967,,False,2.9561625896033967
2025-06-21,,2.9561625896033967,,False,2.9561625896033967
2025-06-22,,-43.52769494900951,,False,-43.52769494900951
2025-06-23,,3.921504650345789,,False,3.921504650345789
2025-06-24,,15.085327227799572,,False,15.085327227799572
2025-06-25,,22.758582986248744,,False,22.758582986248744
2025-06-26,,21.505420739887473,,False,21.505420739887473
2025-06-27,,13.830823900525743,,False,13.830823900525743
2025-06-28,,36.750701966800754,,False,36.750701966800754
2025-06-29,,-45.90256762712758,,False,-45.90256762712758
2025-06-30,,-92.15055894323443,,False,-92.15055894323443
2025-07-01,,-43.40842337179357,,False,-43.40842337179357
2025-07-02,,-18.17996344644548,,False,-18.17996344644548
2025-07-03,,-16.083317222854426,,False,-16.083317222854426
2025-07-04,,15.626734351057252,,False,15.626734351057252
2025-07-05,,27.5876517900764,,False,27.5876517900764
2025-07-06,,26.779578331764935,,False,26.779578331764935
2025-07-07,,26.542703300014118,,False,26.542703300014118
2025-07-08,,28.887537627155833,,False,28.887537627155833
2025-07-09,,29.82095984674189,,False,29.82095984674189
2025-07-10,,3.7261126102811146,,False,3.7261126102811146
2025-07-11,,24.732570497762893,,False,24.732570497762893
2025-07-12,,24.732570497762893,,False,24.732570497762893
2025-07-13,,24.732570497762893,,False,24.732570497762893
2025-07-14,,24.732570497762893,,False,24.732570497762893
2025-07-15,,24.732570497762893,,False,24.732570497762893
2025-07-16,,39.854993090368104,,False,39.854993090368104
2025-07-17,,40.17840694007547,,False,40.17840694007547
2025-07-18,,23.654674275253626,,False,23.654674275253626
2025-07-19,,-1.656553950580915,,False,-1.656553950580915
2025-07-20,,-7.196436857538772,,False,-7.196436857538772
2025-07-21,,12.90487845117227,,False,12.90487845117227
2025-07-22,37.645833333333336,22.545802290754608,15.100031042578728,False,37.645833333333336
2025-07-23,37.307500000000005,24.086364511501056,13.221135488498948,False,37.307500000000005
2025-07-24,36.85541666666667,35.87514489710042,0.9802717695662508,False,36.85541666666667
2025-07-25,36.76083333333334,35.674306276077225,1.086527057256113,False,36.76083333333334
2025-07-26,37.169583333333335,38.72371989137604,-1.554136558042707,False,37.169583333333335
2025-07-27,37.719166666666666,34.5800768485283,3.139089818138366,False,37.719166666666666
2025-07-28,37.534166666666664,42.54003838563986,-5.0058717189731965,False,37.534166666666664
2025-07-29,37.844166666666666,37.79441076813879,0.04975589852787721,False,37.844166666666666
2025-07-30,38.40083333333334,33.92926988649287,4.47156344684047,False,38.40083333333334
2025-07-31,37.86750000000001,46.45059671941439,-8.583096719414385,False,37.86750000000001
2025-08-01,37.432500000000005,35.75957735823819,1.672922641761815,False,37.432500000000005
2025-08-02,36.806250000000006,34.58090266297998,2.2253473370200254,False,36.806250000000006
2025-08-03,36.14875,39.22358121475733,-3.0748312147573316,False,36.14875
2025-08-04,35.655,23.601421327214524,12.053578672785477,False,35.655
2025-08-05,35.567083333333336,36.61241439493724,-1.0453310616039033,False,35.567083333333336
2025-08-06,35.58625,39.976055275216495,-4.389805275216496,False,35.58625
2025-08-07,35.687083333333334,32.81914169898315,2.8679416343501813,False,35.687083333333334
2025-08-08,35.41375,33.030267854498355,2.3834821455016453,False,35.41375
2025-08-09,35.00666666666667,30.094365303858815,4.9123013628078525,False,35.00666666666667
2025-08-10,34.622083333333336,34.59164578263024,0.03043755070309828,False,34.622083333333336
2025-08-11,34.10166666666667,37.692564925702285,-3.590898259035619,False,34.10166666666667
2025-08-12,33.41708333333334,30.337012596955304,3.0800707363780333,False,33.41708333333334
2025-08-13,32.749583333333334,10.363007035505921,22.38657629782741,False,32.749583333333334
2025-08-14,32.389583333333334,19.010463091631983,13.37912024170135,False,32.389583333333334
2025-08-15,31.961250000000003,10.259720705290365,21.701529294709637,False,31.961250000000003
2025-08-16,31.486249999999995,29.446418043517752,2.0398319564822422,False,31.486249999999995
2025-08-17,30.8575,24.338681373452292,6.518818626547709,False,30.8575
2025-08-18,30.307499999999997,40.56699473480605,-10.259494734806054,False,30.307499999999997
2025-08-19,29.420416666666668,-22.580747696284778,52.00116436295144,True,-22.580747696284778
2025-08-20,29.01625,18.8102928522256,10.205957147774399,False,29.01625
2025-08-21,28.93,46.82290748598057,-17.892907485980572,False,28.93
2025-08-22,,79.28789947551734,,False,79.28789947551734
2025-08-23,,77.08869887087376,,False,77.08869887087376
2025-08-24,,28.922178661324487,,False,28.922178661324487
2025-08-25,,129.90218497273668,,False,129.90218497273668
2025-08-26,,-16.566320139044098,,False,-16.566320139044098
2025-08-27,,-97.51586914696226,,False,-97.51586914696226
2025-08-28,,22.591930089375186,,False,22.591930089375186
2025-08-29,,41.32220763365767,,False,41.32220763365767
2025-08-30,,5.654240203965131,,False,5.654240203965131
2025-08-31,,49.58888132467897,,False,49.58888132467897
2025-09-01,,26.63345772417922,,False,26.63345772417922
2025-09-02,,16.992533884596877,,False,16.992533884596877
2025-09-03,,16.338173730445906,,False,16.338173730445906
2025-09-04,,14.608424364536841,,False,14.608424364536841
2025-09-05,,16.338173730445906,,False,16.338173730445906
2025-09-06,,30.84373186341634,,False,30.84373186341634
2025-09-07,,16.338173730445906,,False,16.338173730445906
2025-09-08,,14.113531611634784,,False,14.113531611634784
2025-09-09,,16.338173730445906,,False,16.338173730445906
2025-09-10,,32.80897212390509,,False,32.80897212390509
2025-09-11,,16.538459921536205,,False,16.538459921536205
2025-09-12,,15.97334337367423,,False,15.97334337367423
2025-09-13,,13.83559930277751,,False,13.83559930277751
2025-09-14,,32.29121896666081,,False,32.29121896666081
2025-09-15,,47.407811270314184,,False,47.407811270314184
2025-09-16,,47.81580597530184,,False,47.81580597530184
2025-09-17,,26.40908881261598,,False,26.40908881261598
2025-09-18,,52.70175210542615,,False,52.70175210542615
2025-09-19,,35.86674647195491,,False,35.86674647195491
2025-09-20,,20.600297418246125,,False,20.600297418246125
2025-09-21,,13.486124900147583,,False,13.486124900147583
2025-09-22,,13.078130195159922,,False,13.078130195159922
2025-09-23,,46.08247234022967,,False,46.08247234022967
2025-09-24,,30.241221257828453,,False,30.241221257828453
2025-09-25,,28.87963914076558,,False,28.87963914076558
2025-09-26,,6.82980339180391,,False,6.82980339180391
2025-09-27,,-15.175109382955773,,False,-15.175109382955773
2025-09-28,,7.245048573828443,,False,7.245048573828443
2025-09-29,,31.191162626165156,,False,31.191162626165156
2025-09-30,,39.3650262516293,,False,39.3650262516293
2025-10-01,,37.808116688988896,,False,37.808116688988896
2025-10-02,,39.01294753588102,,False,39.01294753588102
2025-10-03,,45.81030042752488,,False,45.81030042752488
2025-10-04,,48.65264736693325,,False,48.65264736693325
2025-10-05,,36.361639224856965,,False,36.361639224856965
2025-10-06,,15.215874266056648,,False,15.215874266056648
2025-10-07,,15.215874266056648,,False,15.215874266056648
2025-10-08,,15.215874266056648,,False,15.215874266056648
2025-10-09,,15.215874266056648,,False,15.215874266056648
2025-10-10,,14.48283542421973,,False,14.48283542421973
2025-10-11,,14.48283542421973,,False,14.48283542421973
2025-10-12,,12.345091353323003,,False,12.345091353323003
2025-10-13,,30.43588066043465,,False,30.43588066043465
2025-10-14,,40.122274546822226,,False,40.122274546822226
2025-10-15,,32.41010034738047,,False,32.41010034738047
2025-10-16,,46.0364354578268,,False,46.0364354578268
2025-10-17,,48.414501277998376,,False,48.414501277998376
2025-10-18,,35.133707630117954,,False,35.133707630117954
2025-10-19,,14.480659763879732,,False,14.480659763879732
2025-10-20,18.692916666666665,14.97555251678179,3.717364149884876,False,18.692916666666665
2025-10-21,18.49583333333333,-4.829973809197581,23.325807142530913,False,18.49583333333333
2025-10-22,18.31083333333333,6.502827398728558,11.808005934604774,False,18.31083333333333
2025-10-23,17.81458333333333,20.499109118041982,-2.6845257847086508,False,17.81458333333333
2025-10-24,17.269999999999996,11.831409355922895,5.438590644077101,False,17.269999999999996
2025-10-25,17.07875,23.289547553724717,-6.210797553724717,False,17.07875
2025-10-26,17.861666666666665,22.39623076344217,-4.5345640967755045,False,17.861666666666665
2025-10-27,19.104166666666664,24.459212599353002,-5.3550459326863376,False,19.104166666666664
2025-10-28,18.907916666666665,16.473563512655588,2.4343531540110774,False,18.907916666666665
2025-10-29,19.4075,11.632260615711292,7.775239384288707,False,19.4075
2025-10-30,19.582916666666666,12.658282900684604,6.924633765982062,False,19.582916666666666
2025-10-31,18.475416666666664,5.632832775540411,12.842583891126253,False,18.475416666666664
2025-11-01,18.272916666666667,4.975613294603318,13.29730337206335,False,18.272916666666667
2025-11-02,19.0125,17.29402816126115,1.71847183873885,False,19.0125
2025-11-03,19.329166666666666,14.40853181701387,4.920634849652796,False,19.329166666666666
2025-11-04,19.592916666666667,24.404542755958204,-4.811626089291536,False,19.592916666666667
2025-11-05,19.84875,9.094757219193262,10.753992780806737,False,19.84875
2025-11-06,20.16208333333333,24.405615179691925,-4.243531846358593,False,20.16208333333333
2025-11-07,20.357083333333332,16.388901242239253,3.9681820910940786,False,20.357083333333332
2025-11-08,20.415,19.947799334336334,0.4672006656636647,False,20.415
2025-11-09,20.3675,22.060460363228607,-1.6929603632286074,False,20.3675
2025-11-10,20.107916666666664,19.57187559125211,0.5360410754145555,False,20.107916666666664
2025-11-11,19.705,17.60440909669208,2.1005909033079178,False,19.705
2025-11-12,19.216666666666665,24.777642111180352,-5.560975444513687,False,19.216666666666665
2025-11-13,18.680416666666666,16.016247016436846,2.6641696502298196,False,18.680416666666666
2025-11-14,18.05833333333333,6.449754272554083,11.608579060779247,False,18.05833333333333
2025-11-15,17.745416666666664,22.347964063364124,-4.60254739669746,False,17.745416666666664
2025-11-16,17.445416666666667,58.95627169165907,-41.5108550249924,True,58.95627169165907
2025-11-17,-2069.6483333333335,-42.63475855378511,-2027.0135747795484,True,-42.63475855378511
2025-11-18,17.5625,26.89850980159762,-9.33600980159762,False,17.5625
2025-11-19,17.799999999999997,23.19040133473654,-5.390401334736541,False,17.799999999999997
2025-11-20,,50.761297300959974,,False,50.761297300959974
2025-11-21,,42.123159147827465,,False,42.123159147827465
2025-11-22,,49.675857255309396,,False,49.675857255309396
2025-11-23,,100.32090988173405,,False,100.32090988173405
2025-11-24,,21.467118639556684,,False,21.467118639556684
2025-11-25,,20.939019345756023,,False,20.939019345756023
2025-11-26,,35.36369031791078,,False,35.36369031791078
2025-11-27,,34.2388462600111,,False,34.2388462600111
2025-11-28,,16.282669857708836,,False,16.282669857708836
2025-11-29,,26.435381757958726,,False,26.435381757958726
2025-11-30,,32.69932733205037,,False,32.69932733205037
2025-12-01,,32.97727113495246,,False,32.97727113495246
2025-12-02,,32.51216343818937,,False,32.51216343818937
2025-12-03,,32.600273594679976,,False,32.600273594679976
2025-12-04,,14.947432642488364,,False,14.947432642488364
2025-12-05,,25.698930331444252,,False,25.698930331444252
2025-12-06,,32.240819708437996,,False,32.240819708437996
2025-12-07,,31.55918889682625,,False,31.55918889682625
2025-12-08,,32.687885601081874,,False,32.687885601081874
2025-12-09,,31.677084109455812,,False,31.677084109455812
2025-12-10,,31.68650240054948,,False,31.68650240054948
2025-12-11,,32.041272644929855,,False,32.041272644929855
2025-12-12,,31.80439761317905,,False,31.80439761317905
2025-12-13,,31.80439761317905,,False,31.80439761317905
2025-12-14,,31.80439761317905,,False,31.80439761317905
2025-12-15,,31.43754157628424,,False,31.43754157628424
2025-12-16,,32.419481708935216,,False,32.419481708935216
2025-12-17,,32.537376921564785,,False,32.537376921564785
2025-12-18,,32.896830807806765,,False,32.896830807806765
2025-12-19,,34.73565026942438,,False,34.73565026942438
2025-12-20,,32.945742274556615,,False,32.945742274556615
2025-12-21,,15.641065795484353,,False,15.641065795484353
2025-12-22,,26.563151596522896,,False,26.563151596522896
2025-12-23,,32.896830807806765,,False,32.896830807806765
2025-12-24,,32.896830807806765,,False,32.896830807806765
2025-12-25,,32.896830807806765,,False,32.896830807806765
2025-12-26,,32.896830807806765,,False,32.896830807806765
2025-12-27,,34.32886767301294,,False,34.32886767301294
2025-12-28,,34.32886767301294,,False,34.32886767301294
2025-12-29,,34.20155416928968,,False,34.20155416928968
2025-12-30,,32.76951730408351,,False,32.76951730408351
2025-12-31,,33.70666141638761,,False,33.70666141638761
2026-01-01,,34.20155416928968,,False,34.20155416928968
2026-01-02,,34.20155416928968,,False,34.20155416928968
2026-01-03,,32.76951730408351,,False,32.76951730408351
2026-01-04,,31.677084109455812,,False,31.677084109455812
2026-01-05,,14.044321556860874,,False,14.044321556860874
2026-01-06,,7.71064234557697,,False,7.71064234557697
2026-01-07,,24.84851214526985,,False,24.84851214526985
2026-01-08,,36.48343150920581,,False,36.48343150920581
2026-01-09,,32.94898497387431,,False,32.94898497387431
2026-01-10,,33.657804185509484,,False,33.657804185509484
2026-01-11,,33.42092915375867,,False,33.42092915375867
2026-01-12,,31.988892288552513,,False,31.988892288552513
2026-01-13,,32.22576732030331,,False,32.22576732030331
2026-01-14,,32.601527936238256,,False,32.601527936238256
2026-01-15,,32.36465290448744,,False,32.36465290448744
2026-01-16,,32.36465290448744,,False,32.36465290448744
2026-01-17,,32.15555194766552,,False,32.15555194766552
2026-01-18,19.27708333333333,32.36465290448744,-13.087569571154113,False,19.27708333333333
2026-01-19,19.469166666666666,17.24330285087966,2.2258638157870045,False,19.469166666666666
2026-01-20,19.707916666666666,11.269077525837734,8.438839140828932,False,19.707916666666666
2026-01-21,20.204166666666666,20.159385696877457,0.044780969789208314,False,20.204166666666666
2026-01-22,20.817083333333333,17.44060184355608,3.3764814897772517,False,20.817083333333333
2026-01-23,21.550416666666667,21.195103704348767,0.35531296231789966,False,21.550416666666667
2026-01-24,21.800416666666667,21.06099194340835,0.7394247232583169,False,21.800416666666667
2026-01-25,22.097916666666666,23.910276025071195,-1.812359358404528,False,22.097916666666666
2026-01-26,22.95875,23.43135632008686,-0.4726063200868609,False,22.95875
2026-01-27,23.482916666666668,26.92052386167903,-3.4376071950123617,False,23.482916666666668
2026-01-28,23.70583333333333,23.098137690255253,0.6076956430780776,False,23.70583333333333
2026-01-29,23.16,26.15878167191512,-2.9987816719151184,False,23.16
2026-01-30,22.479999999999997,26.34013318752221,-3.8601331875222122,False,22.479999999999997
2026-01-31,21.615416666666665,20.319866826582803,1.2955498400838614,False,21.615416666666665
2026-02-01,20.84875,20.49971805778604,0.3490319422139585,False,20.84875
2026-02-02,20.659583333333334,22.97039970546747,-2.3108163721341377,False,20.659583333333334
2026-02-03,21.142916666666665,17.338837338913798,3.8040793277528664,False,21.142916666666665
2026-02-04,22.10583333333333,21.536224734757162,0.569608598576167,False,22.10583333333333
2026-02-05,22.94625,24.291003674284877,-1.3447536742848776,False,22.94625
2026-02-06,23.62625,26.647094331676467,-3.020844331676468,False,23.62625
2026-02-07,23.98208333333333,24.92878648513967,-0.9467031518063429,False,23.98208333333333
2026-02-08,24.006249999999998,24.221602730161134,-0.2153527301611362,False,24.006249999999998
2026-02-09,23.690416666666664,19.427810892420695,4.262605774245969,False,23.690416666666664
2026-02-10,23.14,27.83940601443074,-4.699406014430739,False,23.14
2026-02-11,22.364583333333332,15.577547722842285,6.787035610491047,False,22.364583333333332
2026-02-12,21.896666666666665,18.76513144727764,3.1315352193890256,False,21.896666666666665
2026-02-13,21.026249999999997,26.711556587393474,-5.685306587393477,False,21.026249999999997
2026-02-14,20.15625,-3.080575879075847,23.236825879075848,False,20.15625
2026-02-15,19.57,0.258806091296276,19.311193908703725,False,19.57
2026-02-16,19.117916666666666,12.287595659543243,6.830321007123423,False,19.117916666666666
2026-02-17,19.06,18.340121574934727,0.7198784250652714,False,19.06
2026-02-18,,3.06507357812564,,False,3.06507357812564
2026-02-19,,-45.30155955683993,,False,-45.30155955683993
2026-02-20,,93.8847667967318,,False,93.8847667967318
2026-02-21,,114.56902470454787,,False,114.56902470454787
2026-02-22,,31.076169811919094,,False,31.076169811919094
2026-02-23,,30.066109055805317,,False,30.066109055805317
2026-02-24,,32.49882686307322,,False,32.49882686307322
2026-02-25,,30.279350124551648,,False,30.279350124551648
2026-02-26,,30.148492496281303,,False,30.148492496281303
2026-02-27,,44.22809422867681,,False,44.22809422867681
2026-02-28,,25.282548043175208,,False,25.282548043175208
2026-03-01,,18.552459857436684,,False,18.552459857436684
2026-03-02,,18.552459857436684,,False,18.552459857436684
2026-03-03,,37.32009673747153,,False,37.32009673747153
2026-03-04,,43.91932729493972,,False,43.91932729493972
2026-03-05,,43.91932729493972,,False,43.91932729493972
2026-03-06,,43.91932729493972,,False,43.91932729493972
2026-03-07,,44.07593446526765,,False,44.07593446526765
2026-03-08,,44.573687449090684,,False,44.573687449090684
2026-03-09,,44.573687449090684,,False,44.573687449090684
2026-03-10,,46.73487401066416,,False,46.73487401066416
2026-03-11,,46.73487401066416,,False,46.73487401066416
2026-03-12,,46.73487401066416,,False,46.73487401066416
2026-03-13,,38.24804245896965,,False,38.24804245896965
2026-03-14,,35.21122108340034,,False,35.21122108340034
2026-03-15,,32.258938290082284,,False,32.258938290082284
2026-03-16,,34.380785720899,,False,34.380785720899
2026-03-17,,-10.194047348226317,,False,-10.194047348226317
2026-03-18,,-61.22244577181114,,False,-61.22244577181114
2026-03-19,,-94.09057348910181,,False,-94.09057348910181
2026-03-20,,-87.36048530336329,,False,-87.36048530336329
2026-03-21,,-87.36048530336329,,False,-87.36048530336329
2026-03-22,,-87.36048530336329,,False,-87.36048530336329
2026-03-23,,-87.36048530336329,,False,-87.36048530336329
2026-03-24,,-78.33027955593808,,False,-78.33027955593808
2026-03-25,,-77.5328737162256,,False,-77.5328737162256
2026-03-26,,-75.04291523209181,,False,-75.04291523209181
2026-03-27,,-43.64547562759277,,False,-43.64547562759277
2026-03-28,,2.1296286474785755,,False,2.1296286474785755
2026-03-29,,2.1296286474785755,,False,2.1296286474785755
2026-03-30,,50.14045549087056,,False,50.14045549087056
2026-03-31,,52.02579577413078,,False,52.02579577413078
2026-04-01,,53.52083513936488,,False,53.52083513936488
2026-04-02,,51.62616057395884,,False,51.62616057395884
2026-04-03,,59.879514332292274,,False,59.879514332292274
2026-04-04,,53.54502471722452,,False,53.54502471722452
2026-04-05,,56.654170836847975,,False,56.654170836847975
2026-04-06,,51.16377839449564,,False,51.16377839449564
2026-04-07,,53.8354107513082,,False,53.8354107513082
2026-04-08,,50.04142678140092,,False,50.04142678140092
2026-04-09,,56.410843941532455,,False,56.410843941532455
2026-04-10,,54.978807076326284,,False,54.978807076326284
2026-04-11,,54.35363105949502,,False,54.35363105949502
2026-04-12,,52.98732875870191,,False,52.98732875870191
2026-04-13,,28.039911424803766,,False,28.039911424803766
2026-04-14,,30.94151807070743,,False,30.94151807070743
2026-04-15,,27.672842064224145,,False,27.672842064224145
2026-04-16,,33.91547020720751,,False,33.91547020720751
2026-04-17,,36.5742935899343,,False,36.5742935899343
2026-04-18,37.275000000000006,50.961135114815335,-13.686135114815329,False,37.275000000000006
2026-04-19,36.989583333333336,29.380935128358583,7.608648204974752,False,36.989583333333336
2026-04-20,36.655,35.735526560631655,0.9194734393683461,False,36.655
2026-04-21,36.29041666666667,40.1867478297952,-3.8963311631285293,False,36.29041666666667
2026-04-22,35.987,36.840592619367705,-0.8535926193677028,False,35.987
2026-04-23,,77.70789131144204,,False,77.70789131144204
